Virus,Host genome,Host taxonomy,Main method,Confidence score,Additional methods
contig_10003,GB_GCA_000634195.1,d__Bacteria;p__Cyanobacteriota;c__Cyanobacteriia;o__PCC-6307;f__Cyanobiaceae;g__Prochlorococcus_A;s__Prochlorococcus_A sp000634195,blast,96.90,None
contig_10003,GB_GCA_000634215.1,d__Bacteria;p__Cyanobacteriota;c__Cyanobacteriia;o__PCC-6307;f__Cyanobiaceae;g__Prochlorococcus_A;s__Prochlorococcus_A sp000634215,blast,96.90,None
contig_10003,GB_GCA_000634415.1,d__Bacteria;p__Cyanobacteriota;c__Cyanobacteriia;o__PCC-6307;f__Cyanobiaceae;g__Prochlorococcus_A;s__Prochlorococcus_A sp000634415,blast,96.90,None
contig_10003,GB_GCA_000634735.1,d__Bacteria;p__Cyanobacteriota;c__Cyanobacteriia;o__PCC-6307;f__Cyanobiaceae;g__Prochlorococcus_A;s__Prochlorococcus_A sp000634735,blast,96.90,None
contig_10003,GB_GCA_002026015.1,d__Bacteria;p__Cyanobacteriota;c__Cyanobacteriia;o__PCC-6307;f__Cyanobiaceae;g__Prochlorococcus_A;s__Prochlorococcus_A sp002026015,blast,96.90,None
contig_10003,GB_GCA_003209475.1,d__Bacteria;p__Cyanobacteriota;c__Cyanobacteriia;o__PCC-6307;f__Cyanobiaceae;g__Prochlorococcus_A;s__Prochlorococcus_A sp003209475,blast,96.90,None
contig_10003,GB_GCA_003211955.1,d__Bacteria;p__Cyanobacteriota;c__Cyanobacteriia;o__PCC-6307;f__Cyanobiaceae;g__Prochlorococcus_A;s__Prochlorococcus_A sp003211955,blast,96.90,None
contig_10003,GB_GCA_003216355.1,d__Bacteria;p__Cyanobacteriota;c__Cyanobacteriia;o__PCC-6307;f__Cyanobiaceae;g__Prochlorococcus_A;s__Prochlorococcus_A sp003216355,blast,96.90,None
contig_10003,GB_GCA_003216455.1,d__Bacteria;p__Cyanobacteriota;c__Cyanobacteriia;o__PCC-6307;f__Cyanobiaceae;g__Prochlorococcus_A;s__Prochlorococcus_A sp003216455,blast,96.90,None
contig_10003,GB_GCA_003278535.1,d__Bacteria;p__Cyanobacteriota;c__Cyanobacteriia;o__PCC-6307;f__Cyanobiaceae;g__Prochlorococcus_A;s__Prochlorococcus_A sp003278535,blast,96.90,None
contig_10003,GB_GCA_003278705.1,d__Bacteria;p__Cyanobacteriota;c__Cyanobacteriia;o__PCC-6307;f__Cyanobiaceae;g__Prochlorococcus_A;s__Prochlorococcus_A sp003278705,blast,96.90,None
contig_10003,GB_GCA_003278845.1,d__Bacteria;p__Cyanobacteriota;c__Cyanobacteriia;o__PCC-6307;f__Cyanobiaceae;g__Prochlorococcus_A;s__Prochlorococcus_A sp003278845,blast,96.90,None
contig_10003,GB_GCA_003278925.1,d__Bacteria;p__Cyanobacteriota;c__Cyanobacteriia;o__PCC-6307;f__Cyanobiaceae;g__Prochlorococcus_A;s__Prochlorococcus_A sp003278925,blast,96.90,None
contig_10003,GB_GCA_003278955.1,d__Bacteria;p__Cyanobacteriota;c__Cyanobacteriia;o__PCC-6307;f__Cyanobiaceae;g__Prochlorococcus_A;s__Prochlorococcus_A sp003278955,blast,96.90,None
contig_10003,GB_GCA_003280895.1,d__Bacteria;p__Cyanobacteriota;c__Cyanobacteriia;o__PCC-6307;f__Cyanobiaceae;g__Prochlorococcus_A;s__Prochlorococcus_A sp003280895,blast,96.90,None
contig_10003,GB_GCA_003280915.1,d__Bacteria;p__Cyanobacteriota;c__Cyanobacteriia;o__PCC-6307;f__Cyanobiaceae;g__Prochlorococcus_A;s__Prochlorococcus_A sp003280915,blast,96.90,None
contig_10003,GB_GCA_003280935.1,d__Bacteria;p__Cyanobacteriota;c__Cyanobacteriia;o__PCC-6307;f__Cyanobiaceae;g__Prochlorococcus_A;s__Prochlorococcus_A sp003280935,blast,96.90,None
contig_10003,GB_GCA_003280995.1,d__Bacteria;p__Cyanobacteriota;c__Cyanobacteriia;o__PCC-6307;f__Cyanobiaceae;g__Prochlorococcus_A;s__Prochlorococcus_A sp003280995,blast,96.90,None
contig_10003,GB_GCA_003281525.1,d__Bacteria;p__Cyanobacteriota;c__Cyanobacteriia;o__PCC-6307;f__Cyanobiaceae;g__Prochlorococcus_A;s__Prochlorococcus_A sp003281525,blast,96.90,None
contig_10003,GB_GCA_003281645.1,d__Bacteria;p__Cyanobacteriota;c__Cyanobacteriia;o__PCC-6307;f__Cyanobiaceae;g__Prochlorococcus_A;s__Prochlorococcus_A sp003281645,blast,96.90,None
contig_10003,GB_GCA_028408915.1,d__Bacteria;p__Cyanobacteriota;c__Cyanobacteriia;o__PCC-6307;f__Cyanobiaceae;g__Prochlorococcus_A;s__Prochlorococcus_A sp028408915,blast,96.90,None
contig_10003,GB_GCA_902520485.1,d__Bacteria;p__Cyanobacteriota;c__Cyanobacteriia;o__PCC-6307;f__Cyanobiaceae;g__Prochlorococcus_A;s__Prochlorococcus_A sp902520485,blast,96.90,None
contig_10003,GB_GCA_902525075.1,d__Bacteria;p__Cyanobacteriota;c__Cyanobacteriia;o__PCC-6307;f__Cyanobiaceae;g__Prochlorococcus_A;s__Prochlorococcus_A sp902525075,blast,96.90,None
contig_10003,GB_GCA_902536555.1,d__Bacteria;p__Cyanobacteriota;c__Cyanobacteriia;o__PCC-6307;f__Cyanobiaceae;g__Prochlorococcus_A;s__Prochlorococcus_A sp902536555,blast,96.90,None
contig_10003,GB_GCA_902536775.1,d__Bacteria;p__Cyanobacteriota;c__Cyanobacteriia;o__PCC-6307;f__Cyanobiaceae;g__Prochlorococcus_A;s__Prochlorococcus_A sp902536775,blast,96.90,None
contig_10003,GB_GCA_902544495.1,d__Bacteria;p__Cyanobacteriota;c__Cyanobacteriia;o__PCC-6307;f__Cyanobiaceae;g__Prochlorococcus_A;s__Prochlorococcus_A sp902544495,blast,96.90,None
contig_10003,GB_GCA_902590355.1,d__Bacteria;p__Cyanobacteriota;c__Cyanobacteriia;o__PCC-6307;f__Cyanobiaceae;g__Prochlorococcus_A;s__Prochlorococcus_A sp902590355,blast,96.90,None
contig_10003,GB_GCA_902594875.1,d__Bacteria;p__Cyanobacteriota;c__Cyanobacteriia;o__PCC-6307;f__Cyanobiaceae;g__Prochlorococcus_A;s__Prochlorococcus_A sp902594875,blast,96.90,None
contig_10003,RS_GCF_001180325.1,d__Bacteria;p__Cyanobacteriota;c__Cyanobacteriia;o__PCC-6307;f__Cyanobiaceae;g__Prochlorococcus_A;s__Prochlorococcus_A marinus_R,blast,96.90,None
contig_10003,RS_GCF_001989455.1,d__Bacteria;p__Cyanobacteriota;c__Cyanobacteriia;o__PCC-6307;f__Cyanobiaceae;g__Prochlorococcus_A;s__Prochlorococcus_A sp001989455,blast,96.90,None
contig_10003,RS_GCF_017696315.1,d__Bacteria;p__Cyanobacteriota;c__Cyanobacteriia;o__PCC-6307;f__Cyanobiaceae;g__Prochlorococcus_A;s__Prochlorococcus_A marinus_AF,blast,96.90,None
contig_10003,RS_GCF_902622435.1,d__Bacteria;p__Cyanobacteriota;c__Cyanobacteriia;o__PCC-6307;f__Cyanobiaceae;g__Prochlorococcus_A;s__Prochlorococcus_A sp902622435,blast,96.90,None
contig_10003,GB_GCA_000635015.1,d__Bacteria;p__Cyanobacteriota;c__Cyanobacteriia;o__PCC-6307;f__Cyanobiaceae;g__Prochlorococcus_A;s__Prochlorococcus_A sp000635015,blast,96.80,None
contig_10003,GB_GCA_000635495.1,d__Bacteria;p__Cyanobacteriota;c__Cyanobacteriia;o__PCC-6307;f__Cyanobiaceae;g__Prochlorococcus_A;s__Prochlorococcus_A sp000635495,blast,96.80,None
contig_10003,GB_GCA_001180285.1,d__Bacteria;p__Cyanobacteriota;c__Cyanobacteriia;o__PCC-6307;f__Cyanobiaceae;g__Prochlorococcus_A;s__Prochlorococcus_A marinus_C,blast,96.80,None
contig_10003,GB_GCA_002025865.1,d__Bacteria;p__Cyanobacteriota;c__Cyanobacteriia;o__PCC-6307;f__Cyanobiaceae;g__Prochlorococcus_A;s__Prochlorococcus_A sp002025865,blast,96.80,None
contig_10003,GB_GCA_002025945.1,d__Bacteria;p__Cyanobacteriota;c__Cyanobacteriia;o__PCC-6307;f__Cyanobiaceae;g__Prochlorococcus_A;s__Prochlorococcus_A sp002025945,blast,96.80,None
contig_10003,GB_GCA_002025975.1,d__Bacteria;p__Cyanobacteriota;c__Cyanobacteriia;o__PCC-6307;f__Cyanobiaceae;g__Prochlorococcus_A;s__Prochlorococcus_A sp002025975,blast,96.80,None
contig_10003,GB_GCA_002026005.1,d__Bacteria;p__Cyanobacteriota;c__Cyanobacteriia;o__PCC-6307;f__Cyanobiaceae;g__Prochlorococcus_A;s__Prochlorococcus_A sp002026005,blast,96.80,None
contig_10003,GB_GCA_002026165.1,d__Bacteria;p__Cyanobacteriota;c__Cyanobacteriia;o__PCC-6307;f__Cyanobiaceae;g__Prochlorococcus_A;s__Prochlorococcus_A sp002026165,blast,96.80,None
contig_10003,GB_GCA_003209375.1,d__Bacteria;p__Cyanobacteriota;c__Cyanobacteriia;o__PCC-6307;f__Cyanobiaceae;g__Prochlorococcus_A;s__Prochlorococcus_A sp003209375,blast,96.80,None
contig_10003,GB_GCA_003209585.1,d__Bacteria;p__Cyanobacteriota;c__Cyanobacteriia;o__PCC-6307;f__Cyanobiaceae;g__Prochlorococcus_A;s__Prochlorococcus_A sp003209585,blast,96.80,None
contig_10003,GB_GCA_003209675.1,d__Bacteria;p__Cyanobacteriota;c__Cyanobacteriia;o__PCC-6307;f__Cyanobiaceae;g__Prochlorococcus_A;s__Prochlorococcus_A sp003209675,blast,96.80,None
contig_10003,GB_GCA_003210155.1,d__Bacteria;p__Cyanobacteriota;c__Cyanobacteriia;o__PCC-6307;f__Cyanobiaceae;g__Prochlorococcus_A;s__Prochlorococcus_A sp003210155,blast,96.80,None
contig_10003,GB_GCA_003211415.1,d__Bacteria;p__Cyanobacteriota;c__Cyanobacteriia;o__PCC-6307;f__Cyanobiaceae;g__Prochlorococcus_A;s__Prochlorococcus_A sp003211415,blast,96.80,None
contig_10003,GB_GCA_003212195.1,d__Bacteria;p__Cyanobacteriota;c__Cyanobacteriia;o__PCC-6307;f__Cyanobiaceae;g__Prochlorococcus_A;s__Prochlorococcus_A sp003212195,blast,96.80,None
contig_10003,GB_GCA_003212655.1,d__Bacteria;p__Cyanobacteriota;c__Cyanobacteriia;o__PCC-6307;f__Cyanobiaceae;g__Prochlorococcus_A;s__Prochlorococcus_A sp003212655,blast,96.80,None
contig_10003,GB_GCA_003213375.1,d__Bacteria;p__Cyanobacteriota;c__Cyanobacteriia;o__PCC-6307;f__Cyanobiaceae;g__Prochlorococcus_A;s__Prochlorococcus_A sp003213375,blast,96.80,None
contig_10003,GB_GCA_003214085.1,d__Bacteria;p__Cyanobacteriota;c__Cyanobacteriia;o__PCC-6307;f__Cyanobiaceae;g__Prochlorococcus_A;s__Prochlorococcus_A sp003214085,blast,96.80,None
contig_10003,GB_GCA_003214315.1,d__Bacteria;p__Cyanobacteriota;c__Cyanobacteriia;o__PCC-6307;f__Cyanobiaceae;g__Prochlorococcus_A;s__Prochlorococcus_A sp003214315,blast,96.80,None
contig_10003,GB_GCA_003214815.1,d__Bacteria;p__Cyanobacteriota;c__Cyanobacteriia;o__PCC-6307;f__Cyanobiaceae;g__Prochlorococcus_A;s__Prochlorococcus_A sp003214815,blast,96.80,None
contig_10003,GB_GCA_003216535.1,d__Bacteria;p__Cyanobacteriota;c__Cyanobacteriia;o__PCC-6307;f__Cyanobiaceae;g__Prochlorococcus_A;s__Prochlorococcus_A sp003216535,blast,96.80,None
contig_10003,GB_GCA_003216635.1,d__Bacteria;p__Cyanobacteriota;c__Cyanobacteriia;o__PCC-6307;f__Cyanobiaceae;g__Prochlorococcus_A;s__Prochlorococcus_A sp003216635,blast,96.80,None
contig_10003,GB_GCA_003216795.1,d__Bacteria;p__Cyanobacteriota;c__Cyanobacteriia;o__PCC-6307;f__Cyanobiaceae;g__Prochlorococcus_A;s__Prochlorococcus_A sp003216795,blast,96.80,None
contig_10003,GB_GCA_003216915.1,d__Bacteria;p__Cyanobacteriota;c__Cyanobacteriia;o__PCC-6307;f__Cyanobiaceae;g__Prochlorococcus_A;s__Prochlorococcus_A sp003216915,blast,96.80,None
contig_10003,GB_GCA_003278045.1,d__Bacteria;p__Cyanobacteriota;c__Cyanobacteriia;o__PCC-6307;f__Cyanobiaceae;g__Prochlorococcus_A;s__Prochlorococcus_A sp003278045,blast,96.80,None
contig_10003,GB_GCA_003278545.1,d__Bacteria;p__Cyanobacteriota;c__Cyanobacteriia;o__PCC-6307;f__Cyanobiaceae;g__Prochlorococcus_A;s__Prochlorococcus_A sp003278545,blast,96.80,None
contig_10003,GB_GCA_003278685.1,d__Bacteria;p__Cyanobacteriota;c__Cyanobacteriia;o__PCC-6307;f__Cyanobiaceae;g__Prochlorococcus_A;s__Prochlorococcus_A sp003278685,blast,96.80,None
contig_10003,GB_GCA_003278855.1,d__Bacteria;p__Cyanobacteriota;c__Cyanobacteriia;o__PCC-6307;f__Cyanobiaceae;g__Prochlorococcus_A;s__Prochlorococcus_A sp003278855,blast,96.80,None
contig_10003,GB_GCA_003278875.1,d__Bacteria;p__Cyanobacteriota;c__Cyanobacteriia;o__PCC-6307;f__Cyanobiaceae;g__Prochlorococcus_A;s__Prochlorococcus_A sp003278875,blast,96.80,None
contig_10003,GB_GCA_003278895.1,d__Bacteria;p__Cyanobacteriota;c__Cyanobacteriia;o__PCC-6307;f__Cyanobiaceae;g__Prochlorococcus_A;s__Prochlorococcus_A sp003278895,blast,96.80,None
contig_10003,GB_GCA_003279055.1,d__Bacteria;p__Cyanobacteriota;c__Cyanobacteriia;o__PCC-6307;f__Cyanobiaceae;g__Prochlorococcus_A;s__Prochlorococcus_A sp003279055,blast,96.80,None
contig_10003,GB_GCA_003279105.1,d__Bacteria;p__Cyanobacteriota;c__Cyanobacteriia;o__PCC-6307;f__Cyanobiaceae;g__Prochlorococcus_A;s__Prochlorococcus_A sp003279105,blast,96.80,None
contig_10003,GB_GCA_003280515.1,d__Bacteria;p__Cyanobacteriota;c__Cyanobacteriia;o__PCC-6307;f__Cyanobiaceae;g__Prochlorococcus_A;s__Prochlorococcus_A sp003280515,blast,96.80,None
contig_10003,GB_GCA_003280655.1,d__Bacteria;p__Cyanobacteriota;c__Cyanobacteriia;o__PCC-6307;f__Cyanobiaceae;g__Prochlorococcus_A;s__Prochlorococcus_A sp003280655,blast,96.80,None
contig_10003,GB_GCA_003280885.1,d__Bacteria;p__Cyanobacteriota;c__Cyanobacteriia;o__PCC-6307;f__Cyanobiaceae;g__Prochlorococcus_A;s__Prochlorococcus_A sp003280885,blast,96.80,None
contig_10003,GB_GCA_003280985.1,d__Bacteria;p__Cyanobacteriota;c__Cyanobacteriia;o__PCC-6307;f__Cyanobiaceae;g__Prochlorococcus_A;s__Prochlorococcus_A sp003280985,blast,96.80,None
contig_10003,GB_GCA_003281165.1,d__Bacteria;p__Cyanobacteriota;c__Cyanobacteriia;o__PCC-6307;f__Cyanobiaceae;g__Prochlorococcus_A;s__Prochlorococcus_A sp003281165,blast,96.80,None
contig_10003,GB_GCA_003281225.1,d__Bacteria;p__Cyanobacteriota;c__Cyanobacteriia;o__PCC-6307;f__Cyanobiaceae;g__Prochlorococcus_A;s__Prochlorococcus_A sp003281225,blast,96.80,None
contig_10003,GB_GCA_003281255.1,d__Bacteria;p__Cyanobacteriota;c__Cyanobacteriia;o__PCC-6307;f__Cyanobiaceae;g__Prochlorococcus_A;s__Prochlorococcus_A sp003281255,blast,96.80,None
contig_10003,GB_GCA_003281335.1,d__Bacteria;p__Cyanobacteriota;c__Cyanobacteriia;o__PCC-6307;f__Cyanobiaceae;g__Prochlorococcus_A;s__Prochlorococcus_A sp003281335,blast,96.80,None
contig_10003,GB_GCA_003281385.1,d__Bacteria;p__Cyanobacteriota;c__Cyanobacteriia;o__PCC-6307;f__Cyanobiaceae;g__Prochlorococcus_A;s__Prochlorococcus_A sp003281385,blast,96.80,None
contig_10003,GB_GCA_003281405.1,d__Bacteria;p__Cyanobacteriota;c__Cyanobacteriia;o__PCC-6307;f__Cyanobiaceae;g__Prochlorococcus_A;s__Prochlorococcus_A sp003281405,blast,96.80,None
contig_10003,GB_GCA_003281415.1,d__Bacteria;p__Cyanobacteriota;c__Cyanobacteriia;o__PCC-6307;f__Cyanobiaceae;g__Prochlorococcus_A;s__Prochlorococcus_A sp003281415,blast,96.80,None
contig_10003,GB_GCA_003281455.1,d__Bacteria;p__Cyanobacteriota;c__Cyanobacteriia;o__PCC-6307;f__Cyanobiaceae;g__Prochlorococcus_A;s__Prochlorococcus_A sp003281455,blast,96.80,None
contig_10003,GB_GCA_003281605.1,d__Bacteria;p__Cyanobacteriota;c__Cyanobacteriia;o__PCC-6307;f__Cyanobiaceae;g__Prochlorococcus_A;s__Prochlorococcus_A sp003281605,blast,96.80,None
contig_10003,GB_GCA_003281635.1,d__Bacteria;p__Cyanobacteriota;c__Cyanobacteriia;o__PCC-6307;f__Cyanobiaceae;g__Prochlorococcus_A;s__Prochlorococcus_A sp003281635,blast,96.80,None
contig_10003,GB_GCA_003281685.1,d__Bacteria;p__Cyanobacteriota;c__Cyanobacteriia;o__PCC-6307;f__Cyanobiaceae;g__Prochlorococcus_A;s__Prochlorococcus_A sp003281685,blast,96.80,None
contig_10003,GB_GCA_003281705.1,d__Bacteria;p__Cyanobacteriota;c__Cyanobacteriia;o__PCC-6307;f__Cyanobiaceae;g__Prochlorococcus_A;s__Prochlorococcus_A sp003281705,blast,96.80,None
contig_10003,GB_GCA_003281715.1,d__Bacteria;p__Cyanobacteriota;c__Cyanobacteriia;o__PCC-6307;f__Cyanobiaceae;g__Prochlorococcus_A;s__Prochlorococcus_A sp003281715,blast,96.80,None
contig_10003,GB_GCA_028140765.1,d__Bacteria;p__Cyanobacteriota;c__Cyanobacteriia;o__PCC-6307;f__Cyanobiaceae;g__Prochlorococcus_A;s__Prochlorococcus_A sp028140765,blast,96.80,None
contig_10003,GB_GCA_028141225.1,d__Bacteria;p__Cyanobacteriota;c__Cyanobacteriia;o__PCC-6307;f__Cyanobiaceae;g__Prochlorococcus_A;s__Prochlorococcus_A sp028141225,blast,96.80,None
contig_10003,GB_GCA_902518475.1,d__Bacteria;p__Cyanobacteriota;c__Cyanobacteriia;o__PCC-6307;f__Cyanobiaceae;g__Prochlorococcus_A;s__Prochlorococcus_A sp902518475,blast,96.80,None
contig_10003,GB_GCA_902521995.1,d__Bacteria;p__Cyanobacteriota;c__Cyanobacteriia;o__PCC-6307;f__Cyanobiaceae;g__Prochlorococcus_A;s__Prochlorococcus_A sp902521995,blast,96.80,None
contig_10003,GB_GCA_902525585.1,d__Bacteria;p__Cyanobacteriota;c__Cyanobacteriia;o__PCC-6307;f__Cyanobiaceae;g__Prochlorococcus_A;s__Prochlorococcus_A sp902525585,blast,96.80,None
contig_10003,GB_GCA_902535185.1,d__Bacteria;p__Cyanobacteriota;c__Cyanobacteriia;o__PCC-6307;f__Cyanobiaceae;g__Prochlorococcus_A;s__Prochlorococcus_A sp902535185,blast,96.80,None
contig_10003,GB_GCA_902536065.1,d__Bacteria;p__Cyanobacteriota;c__Cyanobacteriia;o__PCC-6307;f__Cyanobiaceae;g__Prochlorococcus_A;s__Prochlorococcus_A sp902536065,blast,96.80,None
contig_10003,GB_GCA_902536545.1,d__Bacteria;p__Cyanobacteriota;c__Cyanobacteriia;o__PCC-6307;f__Cyanobiaceae;g__Prochlorococcus_A;s__Prochlorococcus_A sp902536545,blast,96.80,None
contig_10003,GB_GCA_902537275.1,d__Bacteria;p__Cyanobacteriota;c__Cyanobacteriia;o__PCC-6307;f__Cyanobiaceae;g__Prochlorococcus_A;s__Prochlorococcus_A sp902537275,blast,96.80,None
contig_10003,GB_GCA_902538225.1,d__Bacteria;p__Cyanobacteriota;c__Cyanobacteriia;o__PCC-6307;f__Cyanobiaceae;g__Prochlorococcus_A;s__Prochlorococcus_A sp902538225,blast,96.80,None
contig_10003,GB_GCA_902538695.1,d__Bacteria;p__Cyanobacteriota;c__Cyanobacteriia;o__PCC-6307;f__Cyanobiaceae;g__Prochlorococcus_A;s__Prochlorococcus_A sp902538695,blast,96.80,None
contig_10003,GB_GCA_902539115.1,d__Bacteria;p__Cyanobacteriota;c__Cyanobacteriia;o__PCC-6307;f__Cyanobiaceae;g__Prochlorococcus_A;s__Prochlorococcus_A sp902539115,blast,96.80,None
contig_10003,GB_GCA_902558895.1,d__Bacteria;p__Cyanobacteriota;c__Cyanobacteriia;o__PCC-6307;f__Cyanobiaceae;g__Prochlorococcus_A;s__Prochlorococcus_A sp902558895,blast,96.80,None
contig_10003,GB_GCA_902565305.1,d__Bacteria;p__Cyanobacteriota;c__Cyanobacteriia;o__PCC-6307;f__Cyanobiaceae;g__Prochlorococcus_A;s__Prochlorococcus_A sp902565305,blast,96.80,None
contig_10003,GB_GCA_902571145.1,d__Bacteria;p__Cyanobacteriota;c__Cyanobacteriia;o__PCC-6307;f__Cyanobiaceae;g__Prochlorococcus_A;s__Prochlorococcus_A sp902571145,blast,96.80,None
contig_10003,GB_GCA_902572075.1,d__Bacteria;p__Cyanobacteriota;c__Cyanobacteriia;o__PCC-6307;f__Cyanobiaceae;g__Prochlorococcus_A;s__Prochlorococcus_A sp902572075,blast,96.80,iPHoP-RF;53.00
contig_10003,GB_GCA_902572825.1,d__Bacteria;p__Cyanobacteriota;c__Cyanobacteriia;o__PCC-6307;f__Cyanobiaceae;g__Prochlorococcus_A;s__Prochlorococcus_A sp902572825,blast,96.80,None
contig_10003,GB_GCA_902574955.1,d__Bacteria;p__Cyanobacteriota;c__Cyanobacteriia;o__PCC-6307;f__Cyanobiaceae;g__Prochlorococcus_A;s__Prochlorococcus_A sp902574955,blast,96.80,None
contig_10003,GB_GCA_902578445.1,d__Bacteria;p__Cyanobacteriota;c__Cyanobacteriia;o__PCC-6307;f__Cyanobiaceae;g__Prochlorococcus_A;s__Prochlorococcus_A sp902578445,blast,96.80,None
contig_10003,GB_GCA_902583265.1,d__Bacteria;p__Cyanobacteriota;c__Cyanobacteriia;o__PCC-6307;f__Cyanobiaceae;g__Prochlorococcus_A;s__Prochlorococcus_A sp902583265,blast,96.80,None
contig_10003,GB_GCA_902591865.1,d__Bacteria;p__Cyanobacteriota;c__Cyanobacteriia;o__PCC-6307;f__Cyanobiaceae;g__Prochlorococcus_A;s__Prochlorococcus_A sp902591865,blast,96.80,None
contig_10003,GB_GCA_902595175.1,d__Bacteria;p__Cyanobacteriota;c__Cyanobacteriia;o__PCC-6307;f__Cyanobiaceae;g__Prochlorococcus_A;s__Prochlorococcus_A sp902595175,blast,96.80,None
contig_10003,GB_GCA_902606505.1,d__Bacteria;p__Cyanobacteriota;c__Cyanobacteriia;o__PCC-6307;f__Cyanobiaceae;g__Prochlorococcus_A;s__Prochlorococcus_A sp902606505,blast,96.80,None
contig_10003,GB_GCA_902611225.1,d__Bacteria;p__Cyanobacteriota;c__Cyanobacteriia;o__PCC-6307;f__Cyanobiaceae;g__Prochlorococcus_A;s__Prochlorococcus_A sp902611225,blast,96.80,None
contig_10003,GB_GCA_902612005.1,d__Bacteria;p__Cyanobacteriota;c__Cyanobacteriia;o__PCC-6307;f__Cyanobiaceae;g__Prochlorococcus_A;s__Prochlorococcus_A sp902612005,blast,96.80,None
contig_10003,GB_GCA_902616595.1,d__Bacteria;p__Cyanobacteriota;c__Cyanobacteriia;o__PCC-6307;f__Cyanobiaceae;g__Prochlorococcus_A;s__Prochlorococcus_A sp902616595,blast,96.80,None
contig_10003,GB_GCA_902617605.1,d__Bacteria;p__Cyanobacteriota;c__Cyanobacteriia;o__PCC-6307;f__Cyanobiaceae;g__Prochlorococcus_A;s__Prochlorococcus_A sp902617605,blast,96.80,None
contig_10003,GB_GCA_902620895.1,d__Bacteria;p__Cyanobacteriota;c__Cyanobacteriia;o__PCC-6307;f__Cyanobiaceae;g__Prochlorococcus_A;s__Prochlorococcus_A sp902620895,blast,96.80,None
contig_10003,GB_GCA_902621675.1,d__Bacteria;p__Cyanobacteriota;c__Cyanobacteriia;o__PCC-6307;f__Cyanobiaceae;g__Prochlorococcus_A;s__Prochlorococcus_A sp902621675,blast,96.80,None
contig_10003,MGYG000483491,d__Bacteria;p__Cyanobacteriota;c__Cyanobacteriia;o__PCC-6307;f__Cyanobiaceae;g__Prochlorococcus_A;s__,blast,96.80,None
contig_10003,RS_GCF_000015645.1,d__Bacteria;p__Cyanobacteriota;c__Cyanobacteriia;o__PCC-6307;f__Cyanobiaceae;g__Prochlorococcus_A;s__Prochlorococcus_A marinus_O,blast,96.80,None
contig_10003,RS_GCF_000015965.1,d__Bacteria;p__Cyanobacteriota;c__Cyanobacteriia;o__PCC-6307;f__Cyanobiaceae;g__Prochlorococcus_A;s__Prochlorococcus_A marinus_E,blast,96.80,None
contig_10003,RS_GCF_000018065.1,d__Bacteria;p__Cyanobacteriota;c__Cyanobacteriia;o__PCC-6307;f__Cyanobiaceae;g__Prochlorococcus_A;s__Prochlorococcus_A marinus_A,blast,96.80,iPHoP-RF;58.70
contig_10003,RS_GCF_000757845.1,d__Bacteria;p__Cyanobacteriota;c__Cyanobacteriia;o__PCC-6307;f__Cyanobiaceae;g__Prochlorococcus_A;s__Prochlorococcus_A sp000757845,blast,96.80,None
contig_10003,RS_GCF_000760115.1,d__Bacteria;p__Cyanobacteriota;c__Cyanobacteriia;o__PCC-6307;f__Cyanobiaceae;g__Prochlorococcus_A;s__Prochlorococcus_A marinus_D,blast,96.80,None
contig_10003,RS_GCF_001180245.1,d__Bacteria;p__Cyanobacteriota;c__Cyanobacteriia;o__PCC-6307;f__Cyanobiaceae;g__Prochlorococcus_A;s__Prochlorococcus_A marinus_F,blast,96.80,None
contig_10003,RS_GCF_017695975.1,d__Bacteria;p__Cyanobacteriota;c__Cyanobacteriia;o__PCC-6307;f__Cyanobiaceae;g__Prochlorococcus_A;s__Prochlorococcus_A marinus_AG,blast,96.80,None
contig_10003,RS_GCF_017696055.1,d__Bacteria;p__Cyanobacteriota;c__Cyanobacteriia;o__PCC-6307;f__Cyanobiaceae;g__Prochlorococcus_A;s__Prochlorococcus_A marinus_W,blast,96.80,None
contig_10003,RS_GCF_017696085.1,d__Bacteria;p__Cyanobacteriota;c__Cyanobacteriia;o__PCC-6307;f__Cyanobiaceae;g__Prochlorococcus_A;s__Prochlorococcus_A marinus_Z,blast,96.80,None
contig_10003,RS_GCF_017696275.1,d__Bacteria;p__Cyanobacteriota;c__Cyanobacteriia;o__PCC-6307;f__Cyanobiaceae;g__Prochlorococcus_A;s__Prochlorococcus_A marinus_AB,blast,96.80,None
contig_10003,RS_GCF_902536725.1,d__Bacteria;p__Cyanobacteriota;c__Cyanobacteriia;o__PCC-6307;f__Cyanobiaceae;g__Prochlorococcus_A;s__Prochlorococcus_A sp902536725,blast,96.80,None
contig_10003,RS_GCF_902616385.1,d__Bacteria;p__Cyanobacteriota;c__Cyanobacteriia;o__PCC-6307;f__Cyanobiaceae;g__Prochlorococcus_A;s__Prochlorococcus_A sp902616385,blast,96.80,None
contig_10003,GB_GCA_001180265.1,d__Bacteria;p__Cyanobacteriota;c__Cyanobacteriia;o__PCC-6307;f__Cyanobiaceae;g__Prochlorococcus_A;s__Prochlorococcus_A marinus_H,blast,96.70,None
contig_10003,GB_GCA_003279015.1,d__Bacteria;p__Cyanobacteriota;c__Cyanobacteriia;o__PCC-6307;f__Cyanobiaceae;g__Prochlorococcus_A;s__Prochlorococcus_A sp003279015,blast,96.70,None
contig_10003,GB_GCA_902536455.1,d__Bacteria;p__Cyanobacteriota;c__Cyanobacteriia;o__PCC-6307;f__Cyanobiaceae;g__Prochlorococcus_A;s__Prochlorococcus_A sp902536455,blast,96.70,None
contig_10003,RS_GCF_000759955.1,d__Bacteria;p__Cyanobacteriota;c__Cyanobacteriia;o__PCC-6307;f__Cyanobiaceae;g__Prochlorococcus_A;s__Prochlorococcus_A marinus_G,blast,96.70,None
contig_10003,GB_GCA_003212615.1,d__Bacteria;p__Cyanobacteriota;c__Cyanobacteriia;o__PCC-6307;f__Cyanobiaceae;g__Prochlorococcus_A;s__Prochlorococcus_A sp003212615,blast,96.60,None
contig_10003,GB_GCA_003214215.1,d__Bacteria;p__Cyanobacteriota;c__Cyanobacteriia;o__PCC-6307;f__Cyanobiaceae;g__Prochlorococcus_A;s__Prochlorococcus_A sp003214215,blast,96.60,None
contig_10003,GB_GCA_003214295.1,d__Bacteria;p__Cyanobacteriota;c__Cyanobacteriia;o__PCC-6307;f__Cyanobiaceae;g__Prochlorococcus_A;s__Prochlorococcus_A sp003214295,blast,96.60,None
contig_10003,GB_GCA_003281125.1,d__Bacteria;p__Cyanobacteriota;c__Cyanobacteriia;o__PCC-6307;f__Cyanobiaceae;g__Prochlorococcus_A;s__Prochlorococcus_A sp003281125,blast,96.60,None
contig_10003,GB_GCA_017644425.1,d__Bacteria;p__Cyanobacteriota;c__Cyanobacteriia;o__PCC-6307;f__Cyanobiaceae;g__Prochlorococcus_A;s__Prochlorococcus_A marinus_U,blast,96.60,None
contig_10003,GB_GCA_902574405.1,d__Bacteria;p__Cyanobacteriota;c__Cyanobacteriia;o__PCC-6307;f__Cyanobiaceae;g__Prochlorococcus_A;s__Prochlorococcus_A sp902574405,blast,96.60,None
contig_10003,RS_GCF_000760095.1,d__Bacteria;p__Cyanobacteriota;c__Cyanobacteriia;o__PCC-6307;f__Cyanobiaceae;g__Prochlorococcus_A;s__Prochlorococcus_A marinus_I,blast,96.60,None
contig_10003,RS_GCF_017696075.1,d__Bacteria;p__Cyanobacteriota;c__Cyanobacteriia;o__PCC-6307;f__Cyanobiaceae;g__Prochlorococcus_A;s__Prochlorococcus_A marinus_V,blast,96.60,None
contig_10003,GB_GCA_003209425.1,d__Bacteria;p__Cyanobacteriota;c__Cyanobacteriia;o__PCC-6307;f__Cyanobiaceae;g__Prochlorococcus_A;s__Prochlorococcus_A sp003209425,blast,96.50,None
contig_10003,GB_GCA_003210135.1,d__Bacteria;p__Cyanobacteriota;c__Cyanobacteriia;o__PCC-6307;f__Cyanobiaceae;g__Prochlorococcus_A;s__Prochlorococcus_A sp003210135,blast,96.50,None
contig_10003,GB_GCA_003216415.1,d__Bacteria;p__Cyanobacteriota;c__Cyanobacteriia;o__PCC-6307;f__Cyanobiaceae;g__Prochlorococcus_A;s__Prochlorococcus_A sp003216415,blast,96.50,None
contig_10003,GB_GCA_003280725.1,d__Bacteria;p__Cyanobacteriota;c__Cyanobacteriia;o__PCC-6307;f__Cyanobiaceae;g__Prochlorococcus_A;s__Prochlorococcus_A sp003280725,blast,96.50,iPHoP-RF;67.70
contig_10003,GB_GCA_902572675.1,d__Bacteria;p__Cyanobacteriota;c__Cyanobacteriia;o__PCC-6307;f__Cyanobiaceae;g__Prochlorococcus_A;s__Prochlorococcus_A sp902572675,blast,96.50,None
contig_10003,GB_GCA_003214235.1,d__Bacteria;p__Cyanobacteriota;c__Cyanobacteriia;o__PCC-6307;f__Cyanobiaceae;g__Prochlorococcus_A;s__Prochlorococcus_A sp003214235,blast,96.40,None
contig_10003,GB_GCA_003280575.1,d__Bacteria;p__Cyanobacteriota;c__Cyanobacteriia;o__PCC-6307;f__Cyanobiaceae;g__Prochlorococcus_A;s__Prochlorococcus_A sp003280575,blast,96.40,None
contig_10003,GB_GCA_003281585.1,d__Bacteria;p__Cyanobacteriota;c__Cyanobacteriia;o__PCC-6307;f__Cyanobiaceae;g__Prochlorococcus_A;s__Prochlorococcus_A sp003281585,blast,96.40,None
contig_10003,GB_GCA_902576415.1,d__Bacteria;p__Cyanobacteriota;c__Cyanobacteriia;o__PCC-6307;f__Cyanobiaceae;g__Prochlorococcus_A;s__Prochlorococcus_A sp902576415,blast,96.40,None
contig_10003,GB_GCA_902600475.1,d__Bacteria;p__Cyanobacteriota;c__Cyanobacteriia;o__PCC-6307;f__Cyanobiaceae;g__Prochlorococcus_A;s__Prochlorococcus_A sp902600475,blast,96.40,None
contig_10003,RS_GCF_017696205.1,d__Bacteria;p__Cyanobacteriota;c__Cyanobacteriia;o__PCC-6307;f__Cyanobiaceae;g__Prochlorococcus_A;s__Prochlorococcus_A marinus_AC,blast,96.40,None
contig_10003,GB_GCA_003281185.1,d__Bacteria;p__Cyanobacteriota;c__Cyanobacteriia;o__PCC-6307;f__Cyanobiaceae;g__Prochlorococcus_A;s__Prochlorococcus_A sp003281185,blast,96.30,None
contig_10003,GB_GCA_902626435.1,d__Bacteria;p__Cyanobacteriota;c__Cyanobacteriia;o__PCC-6307;f__Cyanobiaceae;g__Prochlorococcus_A;s__Prochlorococcus_A sp902626435,blast,96.30,None
contig_10003,GB_GCA_003281285.1,d__Bacteria;p__Cyanobacteriota;c__Cyanobacteriia;o__PCC-6307;f__Cyanobiaceae;g__Prochlorococcus_A;s__Prochlorococcus_A sp003281285,blast,96.20,None
contig_10003,GB_GCA_902542595.1,d__Bacteria;p__Cyanobacteriota;c__Cyanobacteriia;o__PCC-6307;f__Cyanobiaceae;g__Prochlorococcus_A;s__Prochlorococcus_A sp902542595,blast,96.20,None
contig_10003,GB_GCA_902618335.1,d__Bacteria;p__Cyanobacteriota;c__Cyanobacteriia;o__PCC-6307;f__Cyanobiaceae;g__Prochlorococcus_A;s__Prochlorococcus_A sp902618335,blast,96.20,None
contig_10003,GB_GCA_902622705.1,d__Bacteria;p__Cyanobacteriota;c__Cyanobacteriia;o__PCC-6307;f__Cyanobiaceae;g__Prochlorococcus_A;s__Prochlorococcus_A sp902622705,blast,96.20,None
contig_10003,RS_GCF_017695955.1,d__Bacteria;p__Cyanobacteriota;c__Cyanobacteriia;o__PCC-6307;f__Cyanobiaceae;g__Prochlorococcus_A;s__Prochlorococcus_A marinus_AD,blast,96.20,None
contig_10003,RS_GCF_017696175.1,d__Bacteria;p__Cyanobacteriota;c__Cyanobacteriia;o__PCC-6307;f__Cyanobiaceae;g__Prochlorococcus_A;s__Prochlorococcus_A marinus_X,blast,96.20,None
contig_10003,GB_GCA_003216615.1,d__Bacteria;p__Cyanobacteriota;c__Cyanobacteriia;o__PCC-6307;f__Cyanobiaceae;g__Prochlorococcus_A;s__Prochlorococcus_A sp003216615,blast,96.10,None
contig_10003,GB_GCA_003216755.1,d__Bacteria;p__Cyanobacteriota;c__Cyanobacteriia;o__PCC-6307;f__Cyanobiaceae;g__Prochlorococcus_A;s__Prochlorococcus_A sp003216755,blast,96.10,iPHoP-RF;68.60
contig_10003,GB_GCA_902573565.1,d__Bacteria;p__Cyanobacteriota;c__Cyanobacteriia;o__PCC-6307;f__Cyanobiaceae;g__Prochlorococcus_A;s__Prochlorococcus_A sp902573565,blast,96.10,None
contig_10003,RS_GCF_000759885.1,d__Bacteria;p__Cyanobacteriota;c__Cyanobacteriia;o__PCC-6307;f__Cyanobiaceae;g__Prochlorococcus_A;s__Prochlorococcus_A marinus_J,blast,96.10,None
contig_10003,RS_GCF_034093315.1,d__Bacteria;p__Cyanobacteriota;c__Cyanobacteriia;o__PCC-6307;f__Cyanobiaceae;g__Prochlorococcus_A;s__Prochlorococcus_A marinus_Y,blast,96.10,None
contig_10003,GB_GCA_003280965.1,d__Bacteria;p__Cyanobacteriota;c__Cyanobacteriia;o__PCC-6307;f__Cyanobiaceae;g__Prochlorococcus_A;s__Prochlorococcus_A sp003280965,blast,96.00,None
contig_10003,RS_GCF_000759855.1,d__Bacteria;p__Cyanobacteriota;c__Cyanobacteriia;o__PCC-6307;f__Cyanobiaceae;g__Prochlorococcus_A;s__Prochlorococcus_A marinus_N,blast,96.00,None
contig_10003,RS_GCF_017696015.1,d__Bacteria;p__Cyanobacteriota;c__Cyanobacteriia;o__PCC-6307;f__Cyanobiaceae;g__Prochlorococcus_A;s__Prochlorococcus_A marinus_AE,blast,96.00,None
contig_10003,GB_GCA_000634115.1,d__Bacteria;p__Cyanobacteriota;c__Cyanobacteriia;o__PCC-6307;f__Cyanobiaceae;g__Prochlorococcus_A;s__Prochlorococcus_A sp000634115,blast,95.90,None
contig_10003,GB_GCA_003279115.1,d__Bacteria;p__Cyanobacteriota;c__Cyanobacteriia;o__PCC-6307;f__Cyanobiaceae;g__Prochlorococcus_A;s__Prochlorococcus_A sp003279115,blast,95.90,None
contig_10003,GB_GCA_003279535.1,d__Bacteria;p__Cyanobacteriota;c__Cyanobacteriia;o__PCC-6307;f__Cyanobiaceae;g__Prochlorococcus_A;s__Prochlorococcus_A sp003279535,blast,95.90,None
contig_10003,GB_GCA_017644325.1,d__Bacteria;p__Cyanobacteriota;c__Cyanobacteriia;o__PCC-6307;f__Cyanobiaceae;g__Prochlorococcus_A;s__Prochlorococcus_A marinus_AA,blast,95.90,None
contig_10003,GB_GCA_902596585.1,d__Bacteria;p__Cyanobacteriota;c__Cyanobacteriia;o__PCC-6307;f__Cyanobiaceae;g__Prochlorococcus_A;s__Prochlorococcus_A sp902596585,blast,95.90,None
contig_10003,RS_GCF_000012645.1,d__Bacteria;p__Cyanobacteriota;c__Cyanobacteriia;o__PCC-6307;f__Cyanobiaceae;g__Prochlorococcus_A;s__Prochlorococcus_A marinus_L,blast,95.90,None
contig_10003,GB_GCA_902534675.1,d__Bacteria;p__Cyanobacteriota;c__Cyanobacteriia;o__PCC-6307;f__Cyanobiaceae;g__Prochlorococcus_A;s__Prochlorococcus_A sp902534675,blast,95.70,None
contig_10003,GB_GCA_902538515.1,d__Bacteria;p__Cyanobacteriota;c__Cyanobacteriia;o__PCC-6307;f__Cyanobiaceae;g__Prochlorococcus_A;s__Prochlorococcus_A sp902538515,blast,95.60,None
contig_10003,GB_GCA_003279945.1,d__Bacteria;p__Cyanobacteriota;c__Cyanobacteriia;o__PCC-6307;f__Cyanobiaceae;g__Prochlorococcus_A;s__Prochlorococcus_A sp003279945,blast,95.30,None
contig_10003,GB_GCA_902535025.1,d__Bacteria;p__Cyanobacteriota;c__Cyanobacteriia;o__PCC-6307;f__Cyanobiaceae;g__Prochlorococcus_A;s__Prochlorococcus_A sp902535025,blast,95.30,None
contig_10003,GB_GCA_003209565.1,d__Bacteria;p__Cyanobacteriota;c__Cyanobacteriia;o__PCC-6307;f__Cyanobiaceae;g__Prochlorococcus_A;s__Prochlorococcus_A sp003209565,blast,95.20,None
contig_10003,GB_GCA_000634515.1,d__Bacteria;p__Cyanobacteriota;c__Cyanobacteriia;o__PCC-6307;f__Cyanobiaceae;g__Prochlorococcus_A;s__Prochlorococcus_A sp000634515,blast,95.00,None
contig_10003,GB_GCA_003216775.1,d__Bacteria;p__Cyanobacteriota;c__Cyanobacteriia;o__PCC-6307;f__Cyanobiaceae;g__Prochlorococcus_A;s__Prochlorococcus_A sp003216775,blast,94.90,None
contig_10003,GB_GCA_003281365.1,d__Bacteria;p__Cyanobacteriota;c__Cyanobacteriia;o__PCC-6307;f__Cyanobiaceae;g__Prochlorococcus_A;s__Prochlorococcus_A sp003281365,blast,94.00,None
contig_10003,GB_GCA_017644375.1,d__Bacteria;p__Cyanobacteriota;c__Cyanobacteriia;o__PCC-6307;f__Cyanobiaceae;g__Prochlorococcus_A;s__Prochlorococcus_A marinus_AH,blast,93.90,None
contig_10003,GB_GCA_003281485.1,d__Bacteria;p__Cyanobacteriota;c__Cyanobacteriia;o__PCC-6307;f__Cyanobiaceae;g__Prochlorococcus_A;s__Prochlorococcus_A sp003281485,blast,93.40,None
contig_10003,RS_GCF_902626525.1,d__Bacteria;p__Cyanobacteriota;c__Cyanobacteriia;o__PCC-6307;f__Cyanobiaceae;g__Prochlorococcus_A;s__Prochlorococcus_A sp902626525,blast,90.80,None
contig_10003,GB_GCA_001180305.1,d__Bacteria;p__Cyanobacteriota;c__Cyanobacteriia;o__PCC-6307;f__Cyanobiaceae;g__Prochlorococcus_A;s__Prochlorococcus_A marinus_K,blast,90.10,None
contig_10172,GB_GCA_022827055.1,d__Bacteria;p__Poribacteria;c__WGA-4E;o__WGA-4E;f__JAJDTR01;g__JAJDTR01;s__JAJDTR01 sp022827055,blast,95.30,iPHoP-RF;77.30
contig_10172,GB_GCA_963667245.1,d__Bacteria;p__Poribacteria;c__WGA-4E;o__WGA-4E;f__JAJDTR01;g__JAJDTR01;s__JAJDTR01 sp963667245,blast,92.70,iPHoP-RF;71.10
contig_10173|provirus_3_63280,GB_GCA_963667245.1,d__Bacteria;p__Poribacteria;c__WGA-4E;o__WGA-4E;f__JAJDTR01;g__JAJDTR01;s__JAJDTR01 sp963667245,blast,95.60,iPHoP-RF;70.60
contig_10173|provirus_3_63280,GB_GCA_022827055.1,d__Bacteria;p__Poribacteria;c__WGA-4E;o__WGA-4E;f__JAJDTR01;g__JAJDTR01;s__JAJDTR01 sp022827055,blast,94.40,iPHoP-RF;63.50
contig_10173|provirus_3_63280,GB_GCA_028820655.1,d__Bacteria;p__Poribacteria;c__WGA-4E;o__WGA-4E;f__JAJDTR01;g__JAJDTR01;s__JAJDTR01 sp028820655,blast,90.70,iPHoP-RF;53.30
contig_10175,GB_GCA_963664215.1,d__Bacteria;p__Poribacteria;c__WGA-4E;o__WGA-4E;f__WGA-3G;g__WGA-3G;s__WGA-3G sp963664215,blast,93.50,iPHoP-RF;86.30
contig_10175,GB_GCA_009841255.1,d__Bacteria;p__Poribacteria;c__WGA-4E;o__WGA-4E;f__WGA-3G;g__WGA-3G;s__WGA-3G sp009841255,blast,91.50,iPHoP-RF;85.10
contig_10254|provirus_4700_66179,GB_GCA_026706025.1,d__Bacteria;p__Poribacteria;c__WGA-4E;o__WGA-4E;f__WGA-3G;g__WGA-3G;s__WGA-3G sp026706025,blast,93.30,iPHoP-RF;79.00
contig_10254|provirus_4700_66179,GB_GCA_028824125.1,d__Bacteria;p__Poribacteria;c__WGA-4E;o__WGA-4E;f__WGA-3G;g__MSPOR6;s__MSPOR6 sp028824125,blast,92.10,None
contig_10254|provirus_4700_66179,GB_GCA_028820635.1,d__Bacteria;p__Poribacteria;c__WGA-4E;o__WGA-4E;f__WGA-3G;g__MSPOR6;s__MSPOR6 sp028820635,blast,92.00,None
contig_10254|provirus_4700_66179,GB_GCA_022825825.1,d__Bacteria;p__Poribacteria;c__WGA-4E;o__WGA-4E;f__WGA-3G;g__MSPOR6;s__MSPOR6 sp022825825,blast,91.90,None
contig_10254|provirus_4700_66179,GB_GCA_022828145.1,d__Bacteria;p__Poribacteria;c__WGA-4E;o__WGA-4E;f__WGA-3G;g__MSPOR6;s__MSPOR6 sp022828145,blast,91.40,None
contig_10254|provirus_4700_66179,GB_GCA_022821065.1,d__Bacteria;p__Poribacteria;c__WGA-4E;o__WGA-4E;f__WGA-3G;g__WGA-3G;s__WGA-3G sp022821065,blast,90.90,iPHoP-RF;72.20
contig_10254|provirus_4700_66179,GB_GCA_022820835.1,d__Bacteria;p__Poribacteria;c__WGA-4E;o__WGA-4E;f__WGA-3G;g__WGA-3G;s__WGA-3G sp022820835,blast,90.40,iPHoP-RF;71.70
contig_10254|provirus_4700_66179,GB_GCA_022823085.1,d__Bacteria;p__Poribacteria;c__WGA-4E;o__WGA-4E;f__WGA-3G;g__WGA-3G;s__WGA-3G sp022823085,blast,90.30,iPHoP-RF;69.50
contig_10254|provirus_4700_66179,GB_GCA_022827225.1,d__Bacteria;p__Poribacteria;c__WGA-4E;o__WGA-4E;f__WGA-3G;g__WGA-3G;s__WGA-3G sp022827225,blast,90.10,iPHoP-RF;69.50
contig_10454,GB_GCA_026706695.1,d__Bacteria;p__Desulfobacterota_D;c__UBA1144;o__Nemesobacterales;f__Nemesobacteraceae;g__Nemesobacter;s__Nemesobacter sp026706695,blast,93.30,iPHoP-RF;80.80
contig_10454,GB_GCA_009840385.1,d__Bacteria;p__Desulfobacterota_D;c__UBA1144;o__Nemesobacterales;f__Nemesobacteraceae;g__Nemesobacter;s__Nemesobacter australis,iPHoP-RF,91.10,None
contig_10454,GB_GCA_022819805.1,d__Bacteria;p__Desulfobacterota_D;c__UBA1144;o__Nemesobacterales;f__Nemesobacteraceae;g__Nemesobacter;s__Nemesobacter sp022819805,iPHoP-RF,91.10,None
contig_10572|provirus_1_25292,GB_GCA_963665735.1,d__Bacteria;p__Chloroflexota;c__Dehalococcoidia;o__UBA3495;f__UBA3495;g__CATOSK01;s__CATOSK01 sp963665735,blast,93.70,iPHoP-RF;74.80
contig_1093,GB_GCA_963662845.1,d__Bacteria;p__Gemmatimonadota;c__Gemmatimonadetes;o__Longimicrobiales;f__UBA6960;g__Bin94;s__Bin94 sp963662845,blast,91.60,None
contig_11741|provirus_15153_41394,GB_GCA_028819575.1,d__Bacteria;p__Acidobacteriota;c__Terriglobia;o__Bryobacterales;f__UBA6623;g__JAPPLB01;s__JAPPLB01 sp028819575,blast,92.90,None
contig_12284,GB_GCA_009841255.1,d__Bacteria;p__Poribacteria;c__WGA-4E;o__WGA-4E;f__WGA-3G;g__WGA-3G;s__WGA-3G sp009841255,iPHoP-RF,97.10,None
contig_12284,GB_GCA_951828515.1,d__Bacteria;p__Poribacteria;c__WGA-4E;o__WGA-4E;f__WGA-3G;g__WGA-3G;s__WGA-3G sp951828515,iPHoP-RF,96.70,blast;92.00
contig_12284,GB_GCA_007571305.1,d__Bacteria;p__Poribacteria;c__WGA-4E;o__WGA-4E;f__WGA-3G;g__WGA-3G;s__WGA-3G sp007571305,iPHoP-RF,96.40,None
contig_12284,GB_GCA_026702755.1,d__Bacteria;p__Poribacteria;c__WGA-4E;o__WGA-4E;f__WGA-3G;g__WGA-3G;s__WGA-3G sp026702755,iPHoP-RF,96.40,None
contig_12284,GB_GCA_963664215.1,d__Bacteria;p__Poribacteria;c__WGA-4E;o__WGA-4E;f__WGA-3G;g__WGA-3G;s__WGA-3G sp963664215,iPHoP-RF,96.40,blast;91.90
contig_12284,GB_GCA_012271015.1,d__Bacteria;p__Poribacteria;c__WGA-4E;o__WGA-4E;f__WGA-3G;g__WGA-3G;s__WGA-3G sp012271015,iPHoP-RF,96.10,blast;92.10
contig_12284,GB_GCA_022821965.1,d__Bacteria;p__Poribacteria;c__WGA-4E;o__WGA-4E;f__WGA-3G;g__WGA-3G;s__WGA-3G sp022821965,iPHoP-RF,95.70,None
contig_12284,GB_GCA_028824575.1,d__Bacteria;p__Poribacteria;c__WGA-4E;o__WGA-4E;f__WGA-3G;g__WGA-3G;s__WGA-3G sp028824575,iPHoP-RF,94.70,None
contig_12284,GB_GCA_951813545.1,d__Bacteria;p__Poribacteria;c__WGA-4E;o__WGA-4E;f__WGA-3G;g__WGA-3G;s__WGA-3G sp951813545,iPHoP-RF,94.40,None
contig_12284,GB_GCA_009835515.1,d__Bacteria;p__Poribacteria;c__WGA-4E;o__WGA-4E;f__WGA-3G;g__WGA-3G;s__WGA-3G sp009835515,iPHoP-RF,94.10,None
contig_12284,GB_GCA_009845545.1,d__Bacteria;p__Poribacteria;c__WGA-4E;o__WGA-4E;f__WGA-3G;g__WGA-3G;s__WGA-3G sp009845545,iPHoP-RF,94.10,None
contig_12284,GB_GCA_022819945.1,d__Bacteria;p__Poribacteria;c__WGA-4E;o__WGA-4E;f__WGA-3G;g__WGA-3G;s__WGA-3G sp022819945,blast,93.70,iPHoP-RF;87.30
contig_12284,GB_GCA_003635255.1,d__Bacteria;p__Poribacteria;c__WGA-4E;o__WGA-4E;f__WGA-3G;g__WGA-3G;s__WGA-3G sp003635255,iPHoP-RF,93.40,None
contig_12284,GB_GCA_009843785.1,d__Bacteria;p__Poribacteria;c__WGA-4E;o__WGA-4E;f__WGA-3G;g__WGA-3G;s__WGA-3G sp009843785,iPHoP-RF,93.10,blast;89.60
contig_12284,GB_GCA_022821495.1,d__Bacteria;p__Poribacteria;c__WGA-4E;o__WGA-4E;f__WGA-3G;g__WGA-3G;s__WGA-3G sp022821495,iPHoP-RF,93.10,None
contig_12284,GB_GCA_021295715.1,d__Bacteria;p__Poribacteria;c__WGA-4E;o__WGA-4E;f__WGA-3G;g__WGA-3G;s__WGA-3G sp021295715,iPHoP-RF,92.80,None
contig_12284,GB_GCA_022827185.1,d__Bacteria;p__Poribacteria;c__WGA-4E;o__WGA-4E;f__WGA-3G;g__WGA-3G;s__WGA-3G sp022827185,iPHoP-RF,92.80,None
contig_12284,GB_GCA_022394775.1,d__Bacteria;p__Poribacteria;c__WGA-4E;o__WGA-4E;f__WGA-3G;g__WGA-3G;s__WGA-3G sp022394775,iPHoP-RF,92.40,None
contig_12284,GB_GCA_951812525.1,d__Bacteria;p__Poribacteria;c__WGA-4E;o__WGA-4E;f__WGA-3G;g__WGA-3G;s__WGA-3G sp951812525,iPHoP-RF,92.40,None
contig_12284,GB_GCA_963667805.1,d__Bacteria;p__Poribacteria;c__WGA-4E;o__WGA-4E;f__WGA-3G;g__WGA-3G;s__WGA-3G sp963667805,blast,91.90,iPHoP-RF;90.10
contig_12284,GB_GCA_028821605.1,d__Bacteria;p__Poribacteria;c__WGA-4E;o__WGA-4E;f__WGA-3G;g__WGA-3G;s__WGA-3G sp028821605,iPHoP-RF,91.80,None
contig_12284,GB_GCA_028820845.1,d__Bacteria;p__Poribacteria;c__WGA-4E;o__WGA-4E;f__WGA-3G;g__WGA-3G;s__WGA-3G sp009845505,blast,91.10,iPHoP-RF;83.30
contig_12284,GB_GCA_009839745.1,d__Bacteria;p__Poribacteria;c__WGA-4E;o__WGA-4E;f__WGA-3G;g__WGA-3G;s__WGA-3G sp009839745,iPHoP-RF,90.80,None
contig_12284,GB_GCA_022827885.1,d__Bacteria;p__Poribacteria;c__WGA-4E;o__WGA-4E;f__WGA-3G;g__WGA-3G;s__WGA-3G sp022827885,blast,90.70,iPHoP-RF;90.10
contig_12284,GB_GCA_963666305.1,d__Bacteria;p__Poribacteria;c__WGA-4E;o__WGA-4E;f__WGA-3G;g__WGA-3G;s__WGA-3G sp026713385,blast,90.50,iPHoP-RF;86.30
contig_12284,GB_GCA_022821725.1,d__Bacteria;p__Poribacteria;c__WGA-4E;o__WGA-4E;f__WGA-3G;g__WGA-3G;s__WGA-3G sp022821725,iPHoP-RF,90.10,None
contig_12284,GB_GCA_026706025.1,d__Bacteria;p__Poribacteria;c__WGA-4E;o__WGA-4E;f__WGA-3G;g__WGA-3G;s__WGA-3G sp026706025,blast,90.00,iPHoP-RF;84.80
contig_12308,GB_GCA_002238925.1,d__Bacteria;p__Spirochaetota;c__Spirochaetia;o__CATQHW01;f__Bin103;g__Bin103;s__Bin103 sp002238925,blast,92.40,iPHoP-RF;54.90
contig_12308,3300035549_11,d__Bacteria;p__Spirochaetota;c__Spirochaetia;o__CATQHW01;f__Bin103;g__Bin103;s__,blast,91.40,None
contig_12398,3300043331_542,d__Bacteria;p__Pseudomonadota;c__Alphaproteobacteria;o__Sphingomonadales;f__Sphingomonadaceae;g__Qipengyuania;s__,iPHoP-RF,92.80,None
contig_12491,GB_GCA_028818565.1,d__Bacteria;p__Pseudomonadota;c__Alphaproteobacteria;o__UBA828;f__UBA828;g__WTGU01;s__WTGU01 sp028818565,blast,93.90,iPHoP-RF;60.60
contig_12491,GB_GCA_022826665.1,d__Bacteria;p__Pseudomonadota;c__Alphaproteobacteria;o__UBA828;f__UBA828;g__WTGU01;s__WTGU01 sp022826665,blast,92.40,iPHoP-RF;55.70
contig_12491,GB_GCA_028818855.1,d__Bacteria;p__Pseudomonadota;c__Alphaproteobacteria;o__UBA828;f__UBA828;g__WTGU01;s__WTGU01 sp028818855,blast,92.00,iPHoP-RF;60.30
contig_1263,GB_GCA_003635255.1,d__Bacteria;p__Poribacteria;c__WGA-4E;o__WGA-4E;f__WGA-3G;g__WGA-3G;s__WGA-3G sp003635255,blast,95.10,iPHoP-RF;78.00
contig_1263,GB_GCA_022827185.1,d__Bacteria;p__Poribacteria;c__WGA-4E;o__WGA-4E;f__WGA-3G;g__WGA-3G;s__WGA-3G sp022827185,blast,94.00,iPHoP-RF;80.30
contig_1263,GB_GCA_022819945.1,d__Bacteria;p__Poribacteria;c__WGA-4E;o__WGA-4E;f__WGA-3G;g__WGA-3G;s__WGA-3G sp022819945,blast,93.80,iPHoP-RF;71.10
contig_1263,GB_GCA_022821495.1,d__Bacteria;p__Poribacteria;c__WGA-4E;o__WGA-4E;f__WGA-3G;g__WGA-3G;s__WGA-3G sp022821495,blast,92.90,iPHoP-RF;68.90
contig_1263,GB_GCA_951828385.1,d__Bacteria;p__Poribacteria;c__WGA-4E;o__WGA-4E;f__WGA-3G;g__WGA-3G;s__WGA-3G sp951828385,blast,92.30,iPHoP-RF;79.30
contig_1263,GB_GCA_003635195.1,d__Bacteria;p__Poribacteria;c__WGA-4E;o__WGA-4E;f__WGA-3G;g__WGA-3G;s__WGA-3G sp003635195,blast,91.00,iPHoP-RF;73.90
contig_1263,GB_GCA_022821965.1,d__Bacteria;p__Poribacteria;c__WGA-4E;o__WGA-4E;f__WGA-3G;g__WGA-3G;s__WGA-3G sp022821965,blast,90.10,None
contig_1263,GB_GCA_022820835.1,d__Bacteria;p__Poribacteria;c__WGA-4E;o__WGA-4E;f__WGA-3G;g__WGA-3G;s__WGA-3G sp022820835,blast,90.00,None
contig_12646,RS_GCF_947258935.1,d__Bacteria;p__Bacteroidota;c__Bacteroidia;o__Flavobacteriales;f__Flavobacteriaceae;g__Muriicola;s__Muriicola sp947258935,blast,92.20,iPHoP-RF;60.90
contig_13080|provirus_36256_45374,GB_GCA_028818855.1,d__Bacteria;p__Pseudomonadota;c__Alphaproteobacteria;o__UBA828;f__UBA828;g__WTGU01;s__WTGU01 sp028818855,blast,94.40,iPHoP-RF;70.00
contig_13080|provirus_36256_45374,GB_GCA_028820995.1,d__Bacteria;p__Pseudomonadota;c__Alphaproteobacteria;o__UBA828;f__UBA828;g__WTGU01;s__WTGU01 sp028820995,blast,91.90,iPHoP-RF;67.30
contig_13080|provirus_36256_45374,GB_GCA_022826665.1,d__Bacteria;p__Pseudomonadota;c__Alphaproteobacteria;o__UBA828;f__UBA828;g__WTGU01;s__WTGU01 sp022826665,blast,91.00,None
contig_13080|provirus_36256_45374,GB_GCA_022820945.1,d__Bacteria;p__Pseudomonadota;c__Alphaproteobacteria;o__UBA828;f__UBA828;g__WTGU01;s__WTGU01 sp022820945,blast,90.80,iPHoP-RF;54.10
contig_13080|provirus_36256_45374,GB_GCA_028818565.1,d__Bacteria;p__Pseudomonadota;c__Alphaproteobacteria;o__UBA828;f__UBA828;g__WTGU01;s__WTGU01 sp028818565,blast,90.30,iPHoP-RF;57.10
contig_13360,GB_GCA_022827225.1,d__Bacteria;p__Poribacteria;c__WGA-4E;o__WGA-4E;f__WGA-3G;g__WGA-3G;s__WGA-3G sp022827225,iPHoP-RF,94.70,None
contig_13360,GB_GCA_009839745.1,d__Bacteria;p__Poribacteria;c__WGA-4E;o__WGA-4E;f__WGA-3G;g__WGA-3G;s__WGA-3G sp009839745,iPHoP-RF,92.10,None
contig_13360,GB_GCA_026706025.1,d__Bacteria;p__Poribacteria;c__WGA-4E;o__WGA-4E;f__WGA-3G;g__WGA-3G;s__WGA-3G sp026706025,iPHoP-RF,92.10,None
contig_1389,GB_GCA_034420735.1,d__Bacteria;p__Chloroflexota;c__Dehalococcoidia;o__SAR202;f__CAJWER01;g__GCA-958296115;s__GCA-958296115 sp034420735,blast,93.90,iPHoP-RF;60.60
contig_1389,GB_GCA_963666125.1,d__Bacteria;p__Chloroflexota;c__Dehalococcoidia;o__SAR202;f__CAJWER01;g__GCA-958296115;s__GCA-958296115 sp963666125,blast,91.80,iPHoP-RF;56.20
contig_1585,GB_GCA_022823725.1,d__Bacteria;p__Latescibacterota;c__UBA2968;o__UBA2968;f__UBA2968;g__VXRD01;s__VXRD01 sp022823725,blast,93.80,iPHoP-RF;74.30
contig_1585,GB_GCA_026706845.1,d__Bacteria;p__Latescibacterota;c__UBA2968;o__UBA2968;f__UBA2968;g__VXRD01;s__VXRD01 sp026706845,blast,92.90,None
contig_1585,GB_GCA_951812755.1,d__Bacteria;p__Latescibacterota;c__UBA2968;o__UBA2968;f__UBA2968;g__VXRD01;s__VXRD01 sp951812755,blast,91.70,iPHoP-RF;74.30
contig_1585,GB_GCA_951812545.1,d__Bacteria;p__Latescibacterota;c__UBA2968;o__UBA2968;f__UBA2968;g__VXRD01;s__VXRD01 sp021295695,blast,91.50,iPHoP-RF;55.20
contig_1585,GB_GCA_026705765.1,d__Bacteria;p__Latescibacterota;c__UBA2968;o__UBA2968;f__UBA2968;g__VXRD01;s__VXRD01 sp026705765,blast,91.20,iPHoP-RF;52.20
contig_1585,GB_GCA_022821275.1,d__Bacteria;p__Latescibacterota;c__UBA2968;o__UBA2968;f__UBA2968;g__VXRD01;s__VXRD01 sp022821275,blast,91.00,iPHoP-RF;63.30
contig_1585,GB_GCA_022824945.1,d__Bacteria;p__Latescibacterota;c__UBA2968;o__UBA2968;f__UBA2968;g__VXRD01;s__VXRD01 sp022824945,blast,91.00,iPHoP-RF;68.90
contig_1585,GB_GCA_958295785.1,d__Bacteria;p__Latescibacterota;c__UBA2968;o__UBA2968;f__UBA2968;g__VXRD01;s__VXRD01 sp958295785,blast,90.60,None
contig_1585,GB_GCA_009838845.1,d__Bacteria;p__Latescibacterota;c__UBA2968;o__UBA2968;f__UBA2968;g__VXRD01;s__VXRD01 sp009838845,blast,90.20,iPHoP-RF;57.30
contig_16058|provirus_2_11198,GB_GCA_021295965.1,d__Bacteria;p__Chloroflexota;c__Dehalococcoidia;o__UBA3495;f__UBA3495;g__Bin87;s__Bin87 sp021295965,iPHoP-RF,96.70,blast;93.00
contig_16058|provirus_2_11198,GB_GCA_034421995.1,d__Bacteria;p__Chloroflexota;c__Dehalococcoidia;o__UBA3495;f__UBA3495;g__Bin87;s__Bin87 sp034421995,iPHoP-RF,96.40,blast;89.70
contig_16058|provirus_2_11198,GB_GCA_963665395.1,d__Bacteria;p__Chloroflexota;c__Dehalococcoidia;o__UBA3495;f__UBA3495;g__Bin87;s__Bin87 sp963665395,iPHoP-RF,94.40,blast;89.70
contig_16058|provirus_2_11198,GB_GCA_963666865.1,d__Bacteria;p__Chloroflexota;c__Dehalococcoidia;o__UBA3495;f__UBA3495;g__Bin87;s__Bin87 sp963666865,blast,93.90,iPHoP-RF;93.10
contig_16058|provirus_2_11198,GB_GCA_034423575.1,d__Bacteria;p__Chloroflexota;c__Dehalococcoidia;o__UBA3495;f__UBA3495;g__Bin87;s__Bin87 sp034423575,blast,93.20,iPHoP-RF;68.20
contig_16058|provirus_2_11198,GB_GCA_028873965.1,d__Bacteria;p__Chloroflexota;c__Dehalococcoidia;o__UBA3495;f__UBA3495;g__Bin87;s__Bin87 sp028873965,blast,93.00,iPHoP-RF;75.70
contig_16058|provirus_2_11198,GB_GCA_002238825.1,d__Bacteria;p__Chloroflexota;c__Dehalococcoidia;o__UBA3495;f__UBA3495;g__Bin87;s__Bin87 sp002238825,blast,92.30,iPHoP-RF;58.20
contig_16058|provirus_2_11198,GB_GCA_958296225.1,d__Bacteria;p__Chloroflexota;c__Dehalococcoidia;o__UBA3495;f__UBA3495;g__Bin87;s__Bin87 sp958296225,iPHoP-RF,92.10,blast;70.90
contig_16058|provirus_2_11198,GB_GCA_963663945.1,d__Bacteria;p__Chloroflexota;c__Dehalococcoidia;o__UBA3495;f__UBA3495;g__Bin87;s__Bin87 sp963663945,blast,91.90,iPHoP-RF;70.90
contig_16058|provirus_2_11198,GB_GCA_951813535.1,d__Bacteria;p__Chloroflexota;c__Dehalococcoidia;o__UBA3495;f__UBA3495;g__Bin87;s__Bin87 sp951813535,blast,91.80,iPHoP-RF;67.30
contig_16058|provirus_2_11198,GB_GCA_034428455.1,d__Bacteria;p__Chloroflexota;c__Dehalococcoidia;o__UBA3495;f__UBA3495;g__Bin87;s__Bin87 sp034428455,blast,91.70,iPHoP-RF;80.60
contig_16058|provirus_2_11198,GB_GCA_022827095.1,d__Bacteria;p__Chloroflexota;c__Dehalococcoidia;o__UBA3495;f__UBA3495;g__Bin87;s__Bin87 sp022827095,blast,91.50,iPHoP-RF;78.50
contig_16058|provirus_2_11198,GB_GCA_963692995.1,d__Bacteria;p__Chloroflexota;c__Dehalococcoidia;o__UBA3495;f__UBA3495;g__Bin87;s__Bin87 sp963692995,iPHoP-RF,91.40,blast;89.60
contig_16058|provirus_2_11198,GB_GCA_034420475.1,d__Bacteria;p__Chloroflexota;c__Dehalococcoidia;o__UBA3495;f__UBA3495;g__Bin87;s__Bin87 sp034420475,blast,90.40,iPHoP-RF;77.30
contig_16058|provirus_2_11198,GB_GCA_009840165.1,d__Bacteria;p__Chloroflexota;c__Dehalococcoidia;o__UBA3495;f__UBA3495;g__Bin87;s__Bin87 sp009840165,blast,90.00,iPHoP-RF;78.30
contig_16679,GB_GCA_963667935.1,d__Bacteria;p__Poribacteria;c__WGA-4E;o__WGA-4E;f__PCPOR2b;g__PCPOR2b;s__PCPOR2b sp963667935,blast,92.80,iPHoP-RF;57.10
contig_16679,GB_GCA_022822005.1,d__Bacteria;p__Poribacteria;c__WGA-4E;o__WGA-4E;f__PCPOR2b;g__PCPOR2b;s__PCPOR2b sp022822005,blast,91.70,iPHoP-RF;51.20
contig_16679,GB_GCA_003635265.1,d__Bacteria;p__Poribacteria;c__WGA-4E;o__WGA-4E;f__PCPOR2b;g__PCPOR2b;s__PCPOR2b sp003635265,blast,91.60,None
contig_16679,GB_GCA_022822785.1,d__Bacteria;p__Poribacteria;c__WGA-4E;o__WGA-4E;f__PCPOR2b;g__PCPOR2b;s__PCPOR2b sp022822785,blast,91.00,None
contig_16679,GB_GCA_963665285.1,d__Bacteria;p__Poribacteria;c__WGA-4E;o__WGA-4E;f__PCPOR2b;g__PCPOR2b;s__PCPOR2b sp963665285,blast,90.80,None
contig_17311,GB_GCA_028824685.1,d__Bacteria;p__Poribacteria;c__WGA-4E;o__WGA-4E;f__WGA-3G;g__MSPOR6;s__MSPOR6 sp028824685,blast,93.80,iPHoP-RF;53.30
contig_17311,GB_GCA_003635185.1,d__Bacteria;p__Poribacteria;c__WGA-4E;o__WGA-4E;f__WGA-3G;g__MSPOR6;s__MSPOR6 sp003635185,blast,91.80,None
contig_17311,GB_GCA_009843785.1,d__Bacteria;p__Poribacteria;c__WGA-4E;o__WGA-4E;f__WGA-3G;g__WGA-3G;s__WGA-3G sp009843785,blast,91.20,None
contig_17311,GB_GCA_951813545.1,d__Bacteria;p__Poribacteria;c__WGA-4E;o__WGA-4E;f__WGA-3G;g__WGA-3G;s__WGA-3G sp951813545,blast,91.00,None
contig_17311,GB_GCA_022821495.1,d__Bacteria;p__Poribacteria;c__WGA-4E;o__WGA-4E;f__WGA-3G;g__WGA-3G;s__WGA-3G sp022821495,blast,90.90,None
contig_17311,GB_GCA_026706025.1,d__Bacteria;p__Poribacteria;c__WGA-4E;o__WGA-4E;f__WGA-3G;g__WGA-3G;s__WGA-3G sp026706025,blast,90.60,None
contig_17311,GB_GCA_022821965.1,d__Bacteria;p__Poribacteria;c__WGA-4E;o__WGA-4E;f__WGA-3G;g__WGA-3G;s__WGA-3G sp022821965,blast,90.50,None
contig_17311,GB_GCA_028824125.1,d__Bacteria;p__Poribacteria;c__WGA-4E;o__WGA-4E;f__WGA-3G;g__MSPOR6;s__MSPOR6 sp028824125,blast,90.30,None
contig_17311,GB_GCA_000406005.1,d__Bacteria;p__Poribacteria;c__WGA-4E;o__WGA-4E;f__WGA-3G;g__WGA-3G;s__WGA-3G sp000406005,blast,90.00,None
contig_17464|provirus_20105_45164,GB_GCA_009845545.1,d__Bacteria;p__Poribacteria;c__WGA-4E;o__WGA-4E;f__WGA-3G;g__WGA-3G;s__WGA-3G sp009845545,iPHoP-RF,94.40,blast;90.80
contig_17464|provirus_20105_45164,GB_GCA_951828385.1,d__Bacteria;p__Poribacteria;c__WGA-4E;o__WGA-4E;f__WGA-3G;g__WGA-3G;s__WGA-3G sp951828385,iPHoP-RF,94.40,blast;91.00
contig_17464|provirus_20105_45164,GB_GCA_003635195.1,d__Bacteria;p__Poribacteria;c__WGA-4E;o__WGA-4E;f__WGA-3G;g__WGA-3G;s__WGA-3G sp003635195,blast,93.90,iPHoP-RF;77.50
contig_17464|provirus_20105_45164,GB_GCA_009843785.1,d__Bacteria;p__Poribacteria;c__WGA-4E;o__WGA-4E;f__WGA-3G;g__WGA-3G;s__WGA-3G sp009843785,iPHoP-RF,93.70,blast;91.00
contig_17464|provirus_20105_45164,GB_GCA_026706025.1,d__Bacteria;p__Poribacteria;c__WGA-4E;o__WGA-4E;f__WGA-3G;g__WGA-3G;s__WGA-3G sp026706025,iPHoP-RF,91.80,None
contig_17464|provirus_20105_45164,GB_GCA_963664215.1,d__Bacteria;p__Poribacteria;c__WGA-4E;o__WGA-4E;f__WGA-3G;g__WGA-3G;s__WGA-3G sp963664215,blast,91.70,iPHoP-RF;90.50
contig_17464|provirus_20105_45164,GB_GCA_022819945.1,d__Bacteria;p__Poribacteria;c__WGA-4E;o__WGA-4E;f__WGA-3G;g__WGA-3G;s__WGA-3G sp022819945,iPHoP-RF,91.40,blast;88.00
contig_17464|provirus_20105_45164,GB_GCA_022827185.1,d__Bacteria;p__Poribacteria;c__WGA-4E;o__WGA-4E;f__WGA-3G;g__WGA-3G;s__WGA-3G sp022827185,iPHoP-RF,90.80,blast;81.80
contig_19059,GB_GCA_951813255.1,d__Bacteria;p__Chloroflexota;c__Dehalococcoidia;o__UBA3495;f__JAAXIE01;g__JAAXIE01;s__JAAXIE01 sp951813255,blast,91.40,iPHoP-RF;79.50
contig_19060|provirus_1_11014,GB_GCA_951813255.1,d__Bacteria;p__Chloroflexota;c__Dehalococcoidia;o__UBA3495;f__JAAXIE01;g__JAAXIE01;s__JAAXIE01 sp951813255,blast,93.00,iPHoP-RF;73.50
contig_19092,GB_GCA_016126025.1,d__Archaea;p__Thermoproteota;c__Nitrososphaeria;o__Nitrososphaerales;f__Nitrosopumilaceae;g__VYCS01;s__VYCS01 sp016126025,blast,93.80,iPHoP-RF;58.20
contig_19092,GB_GCA_021296165.1,d__Archaea;p__Thermoproteota;c__Nitrososphaeria;o__Nitrososphaerales;f__Nitrosopumilaceae;g__VYCS01;s__VYCS01 sp021296165,blast,92.00,iPHoP-RF;63.00
contig_19408,GB_GCA_003278445.1,d__Bacteria;p__Cyanobacteriota;c__Cyanobacteriia;o__PCC-6307;f__Cyanobiaceae;g__Prochlorococcus_B;s__Prochlorococcus_B sp003278445,iPHoP-RF,92.80,None
contig_19408,GB_GCA_003215695.1,d__Bacteria;p__Cyanobacteriota;c__Cyanobacteriia;o__PCC-6307;f__Cyanobiaceae;g__Prochlorococcus_B;s__Prochlorococcus_B sp003215695,iPHoP-RF,92.40,None
contig_19408,GB_GCA_003216295.1,d__Bacteria;p__Cyanobacteriota;c__Cyanobacteriia;o__PCC-6307;f__Cyanobiaceae;g__Prochlorococcus_B;s__Prochlorococcus_B sp003216295,iPHoP-RF,92.40,None
contig_19408,GB_GCA_902564695.1,d__Bacteria;p__Cyanobacteriota;c__Cyanobacteriia;o__PCC-6307;f__Cyanobiaceae;g__Prochlorococcus_B;s__Prochlorococcus_B sp902564695,iPHoP-RF,92.10,None
contig_19408,RS_GCF_000012465.1,d__Bacteria;p__Cyanobacteriota;c__Cyanobacteriia;o__PCC-6307;f__Cyanobiaceae;g__Prochlorococcus_B;s__Prochlorococcus_B marinus_B,iPHoP-RF,91.10,None
contig_19408,GB_GCA_003216575.1,d__Bacteria;p__Cyanobacteriota;c__Cyanobacteriia;o__PCC-6307;f__Cyanobiaceae;g__Prochlorococcus_B;s__Prochlorococcus_B sp003216575,iPHoP-RF,90.50,None
contig_19543,GB_GCA_028874175.1,d__Bacteria;p__Chloroflexota;c__UBA11872;o__UBA11872;f__UBA11872;g__UBA11872;s__UBA11872 sp028874175,blast,94.20,iPHoP-RF;51.20
contig_19543,GB_GCA_034422315.1,d__Bacteria;p__Chloroflexota;c__UBA11872;o__UBA11872;f__UBA11872;g__UBA11872;s__UBA11872 sp034422315,blast,93.20,iPHoP-RF;79.30
contig_19543,GB_GCA_009839425.1,d__Bacteria;p__Chloroflexota;c__UBA11872;o__UBA11872;f__UBA11872;g__UBA11872;s__UBA11872 sp009839425,blast,92.60,None
contig_19543,GB_GCA_022824865.1,d__Bacteria;p__Chloroflexota;c__UBA11872;o__UBA11872;f__UBA11872;g__UBA11872;s__UBA11872 sp022824865,blast,92.00,iPHoP-RF;59.00
contig_19543,GB_GCA_028875175.1,d__Bacteria;p__Chloroflexota;c__UBA11872;o__UBA11872;f__UBA11872;g__UBA11872;s__UBA11872 sp028875175,blast,90.50,None
contig_19645|provirus_194_31097,GB_GCA_034421995.1,d__Bacteria;p__Chloroflexota;c__Dehalococcoidia;o__UBA3495;f__UBA3495;g__Bin87;s__Bin87 sp034421995,iPHoP-RF,93.70,None
contig_19645|provirus_194_31097,GB_GCA_009840165.1,d__Bacteria;p__Chloroflexota;c__Dehalococcoidia;o__UBA3495;f__UBA3495;g__Bin87;s__Bin87 sp009840165,iPHoP-RF,93.10,None
contig_19645|provirus_194_31097,GB_GCA_021295965.1,d__Bacteria;p__Chloroflexota;c__Dehalococcoidia;o__UBA3495;f__UBA3495;g__Bin87;s__Bin87 sp021295965,iPHoP-RF,92.40,None
contig_19645|provirus_194_31097,GB_GCA_963666865.1,d__Bacteria;p__Chloroflexota;c__Dehalococcoidia;o__UBA3495;f__UBA3495;g__Bin87;s__Bin87 sp963666865,iPHoP-RF,92.40,None
contig_19645|provirus_194_31097,GB_GCA_034423595.1,d__Bacteria;p__Chloroflexota;c__Dehalococcoidia;o__UBA3495;f__UBA3495;g__Bin87;s__Bin87 sp034423595,iPHoP-RF,92.10,None
contig_19645|provirus_194_31097,GB_GCA_963692995.1,d__Bacteria;p__Chloroflexota;c__Dehalococcoidia;o__UBA3495;f__UBA3495;g__Bin87;s__Bin87 sp963692995,iPHoP-RF,91.80,None
contig_19645|provirus_194_31097,GB_GCA_022825745.1,d__Bacteria;p__Chloroflexota;c__Dehalococcoidia;o__UBA3495;f__UBA3495;g__Bin87;s__Bin87 sp022825745,iPHoP-RF,90.50,None
contig_19645|provirus_194_31097,GB_GCA_026710825.1,d__Bacteria;p__Chloroflexota;c__Dehalococcoidia;o__UBA3495;f__UBA3495;g__Bin87;s__Bin87 sp026710825,iPHoP-RF,90.50,None
contig_19880|provirus_47889_92004,GB_GCA_963667505.1,d__Bacteria;p__Actinomycetota;c__Acidimicrobiia;o__Acidimicrobiales;f__Aldehydirespiratoraceae;g__Aldehydirespirator;s__Aldehydirespirator sp963667505,blast,94.10,iPHoP-RF;52.80
contig_19880|provirus_47889_92004,GB_GCA_963664125.1,d__Bacteria;p__Chloroflexota;c__Dehalococcoidia;o__SAR202;f__UBA2962;g__CAUZIR01;s__CAUZIR01 sp963664125,blast,90.90,None
contig_19880|provirus_47889_92004,GB_GCA_963665735.1,d__Bacteria;p__Chloroflexota;c__Dehalococcoidia;o__UBA3495;f__UBA3495;g__CATOSK01;s__CATOSK01 sp963665735,blast,90.80,None
contig_19968,GB_GCA_022827835.1,d__Bacteria;p__Latescibacterota;c__UBA2968;o__UBA8231;f__UBA8231;g__GCA-2724215;s__GCA-2724215 sp022827835,blast,93.60,None
contig_19968,GB_GCA_028875345.1,d__Bacteria;p__Latescibacterota;c__UBA2968;o__UBA8231;f__UBA8231;g__GCA-2724215;s__GCA-2724215 sp028875345,blast,91.70,None
contig_19981|provirus_3_15480,GB_GCA_022827095.1,d__Bacteria;p__Chloroflexota;c__Dehalococcoidia;o__UBA3495;f__UBA3495;g__Bin87;s__Bin87 sp022827095,blast,93.90,iPHoP-RF;71.50
contig_19981|provirus_3_15480,GB_GCA_034428455.1,d__Bacteria;p__Chloroflexota;c__Dehalococcoidia;o__UBA3495;f__UBA3495;g__Bin87;s__Bin87 sp034428455,blast,92.00,iPHoP-RF;61.70
contig_19981|provirus_3_15480,GB_GCA_034420475.1,d__Bacteria;p__Chloroflexota;c__Dehalococcoidia;o__UBA3495;f__UBA3495;g__Bin87;s__Bin87 sp034420475,blast,91.80,iPHoP-RF;71.50
contig_19981|provirus_3_15480,GB_GCA_028873965.1,d__Bacteria;p__Chloroflexota;c__Dehalococcoidia;o__UBA3495;f__UBA3495;g__Bin87;s__Bin87 sp028873965,blast,91.40,iPHoP-RF;60.60
contig_19981|provirus_3_15480,GB_GCA_034423575.1,d__Bacteria;p__Chloroflexota;c__Dehalococcoidia;o__UBA3495;f__UBA3495;g__Bin87;s__Bin87 sp034423575,blast,90.90,None
contig_19981|provirus_3_15480,GB_GCA_026710825.1,d__Bacteria;p__Chloroflexota;c__Dehalococcoidia;o__UBA3495;f__UBA3495;g__Bin87;s__Bin87 sp026710825,blast,90.60,None
contig_19981|provirus_3_15480,GB_GCA_028875655.1,d__Bacteria;p__Chloroflexota;c__Dehalococcoidia;o__UBA3495;f__UBA3495;g__Bin87;s__Bin87 sp028875655,blast,90.30,None
contig_19981|provirus_3_15480,GB_GCA_002238825.1,d__Bacteria;p__Chloroflexota;c__Dehalococcoidia;o__UBA3495;f__UBA3495;g__Bin87;s__Bin87 sp002238825,blast,90.20,iPHoP-RF;55.40
contig_19981|provirus_3_15480,GB_GCA_022823105.1,d__Bacteria;p__Chloroflexota;c__Dehalococcoidia;o__UBA3495;f__UBA3495;g__Bin87;s__Bin87 sp022823105,blast,90.20,None
contig_19981|provirus_3_15480,GB_GCA_034423115.1,d__Bacteria;p__Chloroflexota;c__Dehalococcoidia;o__UBA3495;f__UBA3495;g__Bin87;s__Bin87 sp034423115,blast,90.00,None
contig_21139,GB_GCA_028824685.1,d__Bacteria;p__Poribacteria;c__WGA-4E;o__WGA-4E;f__WGA-3G;g__MSPOR6;s__MSPOR6 sp028824685,blast,93.50,iPHoP-RF;74.30
contig_21260|provirus_92949_135650,RS_GCF_902626525.1,d__Bacteria;p__Cyanobacteriota;c__Cyanobacteriia;o__PCC-6307;f__Cyanobiaceae;g__Prochlorococcus_A;s__Prochlorococcus_A sp902626525,blast,96.50,None
contig_21260|provirus_92949_135650,GB_GCA_902618335.1,d__Bacteria;p__Cyanobacteriota;c__Cyanobacteriia;o__PCC-6307;f__Cyanobiaceae;g__Prochlorococcus_A;s__Prochlorococcus_A sp902618335,blast,96.30,None
contig_21260|provirus_92949_135650,GB_GCA_902542595.1,d__Bacteria;p__Cyanobacteriota;c__Cyanobacteriia;o__PCC-6307;f__Cyanobiaceae;g__Prochlorococcus_A;s__Prochlorococcus_A sp902542595,blast,96.20,None
contig_21260|provirus_92949_135650,RS_GCF_000759855.1,d__Bacteria;p__Cyanobacteriota;c__Cyanobacteriia;o__PCC-6307;f__Cyanobiaceae;g__Prochlorococcus_A;s__Prochlorococcus_A marinus_N,blast,96.00,None
contig_21260|provirus_92949_135650,RS_GCF_017696205.1,d__Bacteria;p__Cyanobacteriota;c__Cyanobacteriia;o__PCC-6307;f__Cyanobiaceae;g__Prochlorococcus_A;s__Prochlorococcus_A marinus_AC,blast,95.90,None
contig_21260|provirus_92949_135650,GB_GCA_003280725.1,d__Bacteria;p__Cyanobacteriota;c__Cyanobacteriia;o__PCC-6307;f__Cyanobiaceae;g__Prochlorococcus_A;s__Prochlorococcus_A sp003280725,blast,95.80,None
contig_21260|provirus_92949_135650,GB_GCA_003281365.1,d__Bacteria;p__Cyanobacteriota;c__Cyanobacteriia;o__PCC-6307;f__Cyanobiaceae;g__Prochlorococcus_A;s__Prochlorococcus_A sp003281365,blast,95.80,None
contig_21260|provirus_92949_135650,GB_GCA_003214295.1,d__Bacteria;p__Cyanobacteriota;c__Cyanobacteriia;o__PCC-6307;f__Cyanobiaceae;g__Prochlorococcus_A;s__Prochlorococcus_A sp003214295,blast,95.60,None
contig_21260|provirus_92949_135650,GB_GCA_003216775.1,d__Bacteria;p__Cyanobacteriota;c__Cyanobacteriia;o__PCC-6307;f__Cyanobiaceae;g__Prochlorococcus_A;s__Prochlorococcus_A sp003216775,blast,95.50,None
contig_21260|provirus_92949_135650,GB_GCA_000634115.1,d__Bacteria;p__Cyanobacteriota;c__Cyanobacteriia;o__PCC-6307;f__Cyanobiaceae;g__Prochlorococcus_A;s__Prochlorococcus_A sp000634115,blast,95.30,None
contig_21260|provirus_92949_135650,GB_GCA_003214235.1,d__Bacteria;p__Cyanobacteriota;c__Cyanobacteriia;o__PCC-6307;f__Cyanobiaceae;g__Prochlorococcus_A;s__Prochlorococcus_A sp003214235,blast,95.30,None
contig_21260|provirus_92949_135650,GB_GCA_902535025.1,d__Bacteria;p__Cyanobacteriota;c__Cyanobacteriia;o__PCC-6307;f__Cyanobiaceae;g__Prochlorococcus_A;s__Prochlorococcus_A sp902535025,blast,95.20,None
contig_21260|provirus_92949_135650,RS_GCF_000012645.1,d__Bacteria;p__Cyanobacteriota;c__Cyanobacteriia;o__PCC-6307;f__Cyanobiaceae;g__Prochlorococcus_A;s__Prochlorococcus_A marinus_L,blast,95.00,None
contig_21260|provirus_92949_135650,GB_GCA_003279945.1,d__Bacteria;p__Cyanobacteriota;c__Cyanobacteriia;o__PCC-6307;f__Cyanobiaceae;g__Prochlorococcus_A;s__Prochlorococcus_A sp003279945,blast,94.60,None
contig_21260|provirus_92949_135650,GB_GCA_902590355.1,d__Bacteria;p__Cyanobacteriota;c__Cyanobacteriia;o__PCC-6307;f__Cyanobiaceae;g__Prochlorococcus_A;s__Prochlorococcus_A sp902590355,blast,94.50,None
contig_21260|provirus_92949_135650,GB_GCA_902594875.1,d__Bacteria;p__Cyanobacteriota;c__Cyanobacteriia;o__PCC-6307;f__Cyanobiaceae;g__Prochlorococcus_A;s__Prochlorococcus_A sp902594875,blast,94.50,None
contig_21260|provirus_92949_135650,RS_GCF_000759885.1,d__Bacteria;p__Cyanobacteriota;c__Cyanobacteriia;o__PCC-6307;f__Cyanobiaceae;g__Prochlorococcus_A;s__Prochlorococcus_A marinus_J,blast,94.40,None
contig_21260|provirus_92949_135650,GB_GCA_902596585.1,d__Bacteria;p__Cyanobacteriota;c__Cyanobacteriia;o__PCC-6307;f__Cyanobiaceae;g__Prochlorococcus_A;s__Prochlorococcus_A sp902596585,blast,94.30,None
contig_21260|provirus_92949_135650,GB_GCA_003216755.1,d__Bacteria;p__Cyanobacteriota;c__Cyanobacteriia;o__PCC-6307;f__Cyanobiaceae;g__Prochlorococcus_A;s__Prochlorococcus_A sp003216755,blast,94.20,None
contig_21260|provirus_92949_135650,GB_GCA_003280965.1,d__Bacteria;p__Cyanobacteriota;c__Cyanobacteriia;o__PCC-6307;f__Cyanobiaceae;g__Prochlorococcus_A;s__Prochlorococcus_A sp003280965,blast,94.10,None
contig_21260|provirus_92949_135650,GB_GCA_017644325.1,d__Bacteria;p__Cyanobacteriota;c__Cyanobacteriia;o__PCC-6307;f__Cyanobiaceae;g__Prochlorococcus_A;s__Prochlorococcus_A marinus_AA,blast,94.10,None
contig_21260|provirus_92949_135650,GB_GCA_902536775.1,d__Bacteria;p__Cyanobacteriota;c__Cyanobacteriia;o__PCC-6307;f__Cyanobiaceae;g__Prochlorococcus_A;s__Prochlorococcus_A sp902536775,blast,93.90,None
contig_21260|provirus_92949_135650,GB_GCA_003209425.1,d__Bacteria;p__Cyanobacteriota;c__Cyanobacteriia;o__PCC-6307;f__Cyanobiaceae;g__Prochlorococcus_A;s__Prochlorococcus_A sp003209425,blast,93.80,None
contig_21260|provirus_92949_135650,GB_GCA_003214315.1,d__Bacteria;p__Cyanobacteriota;c__Cyanobacteriia;o__PCC-6307;f__Cyanobiaceae;g__Prochlorococcus_A;s__Prochlorococcus_A sp003214315,blast,93.80,None
contig_21260|provirus_92949_135650,GB_GCA_902572675.1,d__Bacteria;p__Cyanobacteriota;c__Cyanobacteriia;o__PCC-6307;f__Cyanobiaceae;g__Prochlorococcus_A;s__Prochlorococcus_A sp902572675,blast,93.80,None
contig_21260|provirus_92949_135650,GB_GCA_003281705.1,d__Bacteria;p__Cyanobacteriota;c__Cyanobacteriia;o__PCC-6307;f__Cyanobiaceae;g__Prochlorococcus_A;s__Prochlorococcus_A sp003281705,blast,93.60,None
contig_21260|provirus_92949_135650,GB_GCA_902520485.1,d__Bacteria;p__Cyanobacteriota;c__Cyanobacteriia;o__PCC-6307;f__Cyanobiaceae;g__Prochlorococcus_A;s__Prochlorococcus_A sp902520485,blast,93.50,None
contig_21260|provirus_92949_135650,GB_GCA_902600475.1,d__Bacteria;p__Cyanobacteriota;c__Cyanobacteriia;o__PCC-6307;f__Cyanobiaceae;g__Prochlorococcus_A;s__Prochlorococcus_A sp902600475,blast,93.40,None
contig_21260|provirus_92949_135650,GB_GCA_902617605.1,d__Bacteria;p__Cyanobacteriota;c__Cyanobacteriia;o__PCC-6307;f__Cyanobiaceae;g__Prochlorococcus_A;s__Prochlorococcus_A sp902617605,blast,93.40,None
contig_21260|provirus_92949_135650,RS_GCF_017695955.1,d__Bacteria;p__Cyanobacteriota;c__Cyanobacteriia;o__PCC-6307;f__Cyanobiaceae;g__Prochlorococcus_A;s__Prochlorococcus_A marinus_AD,blast,93.30,None
contig_21260|provirus_92949_135650,GB_GCA_003209585.1,d__Bacteria;p__Cyanobacteriota;c__Cyanobacteriia;o__PCC-6307;f__Cyanobiaceae;g__Prochlorococcus_A;s__Prochlorococcus_A sp003209585,blast,93.20,None
contig_21260|provirus_92949_135650,GB_GCA_003278925.1,d__Bacteria;p__Cyanobacteriota;c__Cyanobacteriia;o__PCC-6307;f__Cyanobiaceae;g__Prochlorococcus_A;s__Prochlorococcus_A sp003278925,blast,93.20,None
contig_21260|provirus_92949_135650,RS_GCF_034093315.1,d__Bacteria;p__Cyanobacteriota;c__Cyanobacteriia;o__PCC-6307;f__Cyanobiaceae;g__Prochlorococcus_A;s__Prochlorococcus_A marinus_Y,blast,93.00,None
contig_21260|provirus_92949_135650,GB_GCA_002026165.1,d__Bacteria;p__Cyanobacteriota;c__Cyanobacteriia;o__PCC-6307;f__Cyanobiaceae;g__Prochlorococcus_A;s__Prochlorococcus_A sp002026165,blast,92.90,None
contig_21260|provirus_92949_135650,GB_GCA_003216355.1,d__Bacteria;p__Cyanobacteriota;c__Cyanobacteriia;o__PCC-6307;f__Cyanobiaceae;g__Prochlorococcus_A;s__Prochlorococcus_A sp003216355,blast,92.90,None
contig_21260|provirus_92949_135650,RS_GCF_902622435.1,d__Bacteria;p__Cyanobacteriota;c__Cyanobacteriia;o__PCC-6307;f__Cyanobiaceae;g__Prochlorococcus_A;s__Prochlorococcus_A sp902622435,blast,92.70,None
contig_21260|provirus_92949_135650,GB_GCA_003216535.1,d__Bacteria;p__Cyanobacteriota;c__Cyanobacteriia;o__PCC-6307;f__Cyanobiaceae;g__Prochlorococcus_A;s__Prochlorococcus_A sp003216535,blast,92.60,None
contig_21260|provirus_92949_135650,GB_GCA_003216455.1,d__Bacteria;p__Cyanobacteriota;c__Cyanobacteriia;o__PCC-6307;f__Cyanobiaceae;g__Prochlorococcus_A;s__Prochlorococcus_A sp003216455,blast,92.50,None
contig_21260|provirus_92949_135650,GB_GCA_003278705.1,d__Bacteria;p__Cyanobacteriota;c__Cyanobacteriia;o__PCC-6307;f__Cyanobiaceae;g__Prochlorococcus_A;s__Prochlorococcus_A sp003278705,blast,92.50,None
contig_21260|provirus_92949_135650,GB_GCA_000634415.1,d__Bacteria;p__Cyanobacteriota;c__Cyanobacteriia;o__PCC-6307;f__Cyanobiaceae;g__Prochlorococcus_A;s__Prochlorococcus_A sp000634415,blast,92.30,None
contig_21260|provirus_92949_135650,GB_GCA_003209475.1,d__Bacteria;p__Cyanobacteriota;c__Cyanobacteriia;o__PCC-6307;f__Cyanobiaceae;g__Prochlorococcus_A;s__Prochlorococcus_A sp003209475,blast,92.30,None
contig_21260|provirus_92949_135650,GB_GCA_003278685.1,d__Bacteria;p__Cyanobacteriota;c__Cyanobacteriia;o__PCC-6307;f__Cyanobiaceae;g__Prochlorococcus_A;s__Prochlorococcus_A sp003278685,blast,92.30,None
contig_21260|provirus_92949_135650,GB_GCA_902571145.1,d__Bacteria;p__Cyanobacteriota;c__Cyanobacteriia;o__PCC-6307;f__Cyanobiaceae;g__Prochlorococcus_A;s__Prochlorococcus_A sp902571145,blast,92.30,None
contig_21260|provirus_92949_135650,GB_GCA_902595175.1,d__Bacteria;p__Cyanobacteriota;c__Cyanobacteriia;o__PCC-6307;f__Cyanobiaceae;g__Prochlorococcus_A;s__Prochlorococcus_A sp902595175,blast,92.30,None
contig_21260|provirus_92949_135650,RS_GCF_017696085.1,d__Bacteria;p__Cyanobacteriota;c__Cyanobacteriia;o__PCC-6307;f__Cyanobiaceae;g__Prochlorococcus_A;s__Prochlorococcus_A marinus_Z,blast,92.30,None
contig_21260|provirus_92949_135650,GB_GCA_003280935.1,d__Bacteria;p__Cyanobacteriota;c__Cyanobacteriia;o__PCC-6307;f__Cyanobiaceae;g__Prochlorococcus_A;s__Prochlorococcus_A sp003280935,blast,92.20,None
contig_21260|provirus_92949_135650,GB_GCA_902539115.1,d__Bacteria;p__Cyanobacteriota;c__Cyanobacteriia;o__PCC-6307;f__Cyanobiaceae;g__Prochlorococcus_A;s__Prochlorococcus_A sp902539115,blast,92.10,None
contig_21260|provirus_92949_135650,GB_GCA_002025975.1,d__Bacteria;p__Cyanobacteriota;c__Cyanobacteriia;o__PCC-6307;f__Cyanobiaceae;g__Prochlorococcus_A;s__Prochlorococcus_A sp002025975,blast,92.00,None
contig_21260|provirus_92949_135650,GB_GCA_003211955.1,d__Bacteria;p__Cyanobacteriota;c__Cyanobacteriia;o__PCC-6307;f__Cyanobiaceae;g__Prochlorococcus_A;s__Prochlorococcus_A sp003211955,blast,92.00,None
contig_21260|provirus_92949_135650,GB_GCA_003278955.1,d__Bacteria;p__Cyanobacteriota;c__Cyanobacteriia;o__PCC-6307;f__Cyanobiaceae;g__Prochlorococcus_A;s__Prochlorococcus_A sp003278955,blast,92.00,None
contig_21260|provirus_92949_135650,GB_GCA_028408915.1,d__Bacteria;p__Cyanobacteriota;c__Cyanobacteriia;o__PCC-6307;f__Cyanobiaceae;g__Prochlorococcus_A;s__Prochlorococcus_A sp028408915,blast,92.00,None
contig_21260|provirus_92949_135650,GB_GCA_902536555.1,d__Bacteria;p__Cyanobacteriota;c__Cyanobacteriia;o__PCC-6307;f__Cyanobiaceae;g__Prochlorococcus_A;s__Prochlorococcus_A sp902536555,blast,92.00,None
contig_21260|provirus_92949_135650,GB_GCA_902572075.1,d__Bacteria;p__Cyanobacteriota;c__Cyanobacteriia;o__PCC-6307;f__Cyanobiaceae;g__Prochlorococcus_A;s__Prochlorococcus_A sp902572075,blast,92.00,None
contig_21260|provirus_92949_135650,GB_GCA_902572825.1,d__Bacteria;p__Cyanobacteriota;c__Cyanobacteriia;o__PCC-6307;f__Cyanobiaceae;g__Prochlorococcus_A;s__Prochlorococcus_A sp902572825,blast,92.00,None
contig_21260|provirus_92949_135650,RS_GCF_001180325.1,d__Bacteria;p__Cyanobacteriota;c__Cyanobacteriia;o__PCC-6307;f__Cyanobiaceae;g__Prochlorococcus_A;s__Prochlorococcus_A marinus_R,blast,92.00,None
contig_21260|provirus_92949_135650,GB_GCA_001180305.1,d__Bacteria;p__Cyanobacteriota;c__Cyanobacteriia;o__PCC-6307;f__Cyanobiaceae;g__Prochlorococcus_A;s__Prochlorococcus_A marinus_K,blast,91.90,None
contig_21260|provirus_92949_135650,GB_GCA_003280985.1,d__Bacteria;p__Cyanobacteriota;c__Cyanobacteriia;o__PCC-6307;f__Cyanobiaceae;g__Prochlorococcus_A;s__Prochlorococcus_A sp003280985,blast,91.90,None
contig_21260|provirus_92949_135650,GB_GCA_000634195.1,d__Bacteria;p__Cyanobacteriota;c__Cyanobacteriia;o__PCC-6307;f__Cyanobiaceae;g__Prochlorococcus_A;s__Prochlorococcus_A sp000634195,blast,91.80,None
contig_21260|provirus_92949_135650,GB_GCA_000634735.1,d__Bacteria;p__Cyanobacteriota;c__Cyanobacteriia;o__PCC-6307;f__Cyanobiaceae;g__Prochlorococcus_A;s__Prochlorococcus_A sp000634735,blast,91.80,None
contig_21260|provirus_92949_135650,GB_GCA_000635495.1,d__Bacteria;p__Cyanobacteriota;c__Cyanobacteriia;o__PCC-6307;f__Cyanobiaceae;g__Prochlorococcus_A;s__Prochlorococcus_A sp000635495,blast,91.80,None
contig_21260|provirus_92949_135650,GB_GCA_003210135.1,d__Bacteria;p__Cyanobacteriota;c__Cyanobacteriia;o__PCC-6307;f__Cyanobiaceae;g__Prochlorococcus_A;s__Prochlorococcus_A sp003210135,blast,91.80,None
contig_21260|provirus_92949_135650,GB_GCA_003281285.1,d__Bacteria;p__Cyanobacteriota;c__Cyanobacteriia;o__PCC-6307;f__Cyanobiaceae;g__Prochlorococcus_A;s__Prochlorococcus_A sp003281285,blast,91.80,None
contig_21260|provirus_92949_135650,GB_GCA_003281715.1,d__Bacteria;p__Cyanobacteriota;c__Cyanobacteriia;o__PCC-6307;f__Cyanobiaceae;g__Prochlorococcus_A;s__Prochlorococcus_A sp003281715,blast,91.80,None
contig_21260|provirus_92949_135650,GB_GCA_902574405.1,d__Bacteria;p__Cyanobacteriota;c__Cyanobacteriia;o__PCC-6307;f__Cyanobiaceae;g__Prochlorococcus_A;s__Prochlorococcus_A sp902574405,blast,91.80,None
contig_21260|provirus_92949_135650,GB_GCA_000218705.1,d__Bacteria;p__Cyanobacteriota;c__Cyanobacteriia;o__PCC-6307;f__Cyanobiaceae;g__Prochlorococcus_A;s__Prochlorococcus_A marinus_Q,blast,91.70,None
contig_21260|provirus_92949_135650,GB_GCA_003279015.1,d__Bacteria;p__Cyanobacteriota;c__Cyanobacteriia;o__PCC-6307;f__Cyanobiaceae;g__Prochlorococcus_A;s__Prochlorococcus_A sp003279015,blast,91.70,None
contig_21260|provirus_92949_135650,GB_GCA_003280575.1,d__Bacteria;p__Cyanobacteriota;c__Cyanobacteriia;o__PCC-6307;f__Cyanobiaceae;g__Prochlorococcus_A;s__Prochlorococcus_A sp003280575,blast,91.70,None
contig_21260|provirus_92949_135650,GB_GCA_002025865.1,d__Bacteria;p__Cyanobacteriota;c__Cyanobacteriia;o__PCC-6307;f__Cyanobiaceae;g__Prochlorococcus_A;s__Prochlorococcus_A sp002025865,blast,91.60,None
contig_21260|provirus_92949_135650,GB_GCA_003214815.1,d__Bacteria;p__Cyanobacteriota;c__Cyanobacteriia;o__PCC-6307;f__Cyanobiaceae;g__Prochlorococcus_A;s__Prochlorococcus_A sp003214815,blast,91.60,None
contig_21260|provirus_92949_135650,GB_GCA_003278045.1,d__Bacteria;p__Cyanobacteriota;c__Cyanobacteriia;o__PCC-6307;f__Cyanobiaceae;g__Prochlorococcus_A;s__Prochlorococcus_A sp003278045,blast,91.60,None
contig_21260|provirus_92949_135650,GB_GCA_003278535.1,d__Bacteria;p__Cyanobacteriota;c__Cyanobacteriia;o__PCC-6307;f__Cyanobiaceae;g__Prochlorococcus_A;s__Prochlorococcus_A sp003278535,blast,91.60,None
contig_21260|provirus_92949_135650,GB_GCA_003280995.1,d__Bacteria;p__Cyanobacteriota;c__Cyanobacteriia;o__PCC-6307;f__Cyanobiaceae;g__Prochlorococcus_A;s__Prochlorococcus_A sp003280995,blast,91.60,None
contig_21260|provirus_92949_135650,GB_GCA_902544495.1,d__Bacteria;p__Cyanobacteriota;c__Cyanobacteriia;o__PCC-6307;f__Cyanobiaceae;g__Prochlorococcus_A;s__Prochlorococcus_A sp902544495,blast,91.60,None
contig_21260|provirus_92949_135650,MGYG000483491,d__Bacteria;p__Cyanobacteriota;c__Cyanobacteriia;o__PCC-6307;f__Cyanobiaceae;g__Prochlorococcus_A;s__,blast,91.60,None
contig_21260|provirus_92949_135650,RS_GCF_001180245.1,d__Bacteria;p__Cyanobacteriota;c__Cyanobacteriia;o__PCC-6307;f__Cyanobiaceae;g__Prochlorococcus_A;s__Prochlorococcus_A marinus_F,blast,91.60,None
contig_21260|provirus_92949_135650,RS_GCF_017696315.1,d__Bacteria;p__Cyanobacteriota;c__Cyanobacteriia;o__PCC-6307;f__Cyanobiaceae;g__Prochlorococcus_A;s__Prochlorococcus_A marinus_AF,blast,91.60,None
contig_21260|provirus_92949_135650,GB_GCA_003209565.1,d__Bacteria;p__Cyanobacteriota;c__Cyanobacteriia;o__PCC-6307;f__Cyanobiaceae;g__Prochlorococcus_A;s__Prochlorococcus_A sp003209565,blast,91.50,None
contig_21260|provirus_92949_135650,GB_GCA_000634215.1,d__Bacteria;p__Cyanobacteriota;c__Cyanobacteriia;o__PCC-6307;f__Cyanobiaceae;g__Prochlorococcus_A;s__Prochlorococcus_A sp000634215,blast,91.40,None
contig_21260|provirus_92949_135650,GB_GCA_003216415.1,d__Bacteria;p__Cyanobacteriota;c__Cyanobacteriia;o__PCC-6307;f__Cyanobiaceae;g__Prochlorococcus_A;s__Prochlorococcus_A sp003216415,blast,91.40,None
contig_21260|provirus_92949_135650,GB_GCA_003280915.1,d__Bacteria;p__Cyanobacteriota;c__Cyanobacteriia;o__PCC-6307;f__Cyanobiaceae;g__Prochlorococcus_A;s__Prochlorococcus_A sp003280915,blast,91.40,None
contig_21260|provirus_92949_135650,GB_GCA_003281645.1,d__Bacteria;p__Cyanobacteriota;c__Cyanobacteriia;o__PCC-6307;f__Cyanobiaceae;g__Prochlorococcus_A;s__Prochlorococcus_A sp003281645,blast,91.40,None
contig_21260|provirus_92949_135650,GB_GCA_902525075.1,d__Bacteria;p__Cyanobacteriota;c__Cyanobacteriia;o__PCC-6307;f__Cyanobiaceae;g__Prochlorococcus_A;s__Prochlorococcus_A sp902525075,blast,91.40,None
contig_21260|provirus_92949_135650,GB_GCA_902534675.1,d__Bacteria;p__Cyanobacteriota;c__Cyanobacteriia;o__PCC-6307;f__Cyanobiaceae;g__Prochlorococcus_A;s__Prochlorococcus_A sp902534675,blast,91.40,None
contig_21260|provirus_92949_135650,GB_GCA_902573565.1,d__Bacteria;p__Cyanobacteriota;c__Cyanobacteriia;o__PCC-6307;f__Cyanobiaceae;g__Prochlorococcus_A;s__Prochlorococcus_A sp902573565,blast,91.40,None
contig_21260|provirus_92949_135650,RS_GCF_000015645.1,d__Bacteria;p__Cyanobacteriota;c__Cyanobacteriia;o__PCC-6307;f__Cyanobiaceae;g__Prochlorococcus_A;s__Prochlorococcus_A marinus_O,blast,91.40,None
contig_21260|provirus_92949_135650,RS_GCF_017696075.1,d__Bacteria;p__Cyanobacteriota;c__Cyanobacteriia;o__PCC-6307;f__Cyanobiaceae;g__Prochlorococcus_A;s__Prochlorococcus_A marinus_V,blast,91.40,None
contig_21260|provirus_92949_135650,GB_GCA_003213375.1,d__Bacteria;p__Cyanobacteriota;c__Cyanobacteriia;o__PCC-6307;f__Cyanobiaceae;g__Prochlorococcus_A;s__Prochlorococcus_A sp003213375,blast,91.30,None
contig_21260|provirus_92949_135650,GB_GCA_003281525.1,d__Bacteria;p__Cyanobacteriota;c__Cyanobacteriia;o__PCC-6307;f__Cyanobiaceae;g__Prochlorococcus_A;s__Prochlorococcus_A sp003281525,blast,91.30,None
contig_21260|provirus_92949_135650,RS_GCF_017696015.1,d__Bacteria;p__Cyanobacteriota;c__Cyanobacteriia;o__PCC-6307;f__Cyanobiaceae;g__Prochlorococcus_A;s__Prochlorococcus_A marinus_AE,blast,91.30,None
contig_21260|provirus_92949_135650,GB_GCA_003211415.1,d__Bacteria;p__Cyanobacteriota;c__Cyanobacteriia;o__PCC-6307;f__Cyanobiaceae;g__Prochlorococcus_A;s__Prochlorococcus_A sp003211415,blast,91.20,None
contig_21260|provirus_92949_135650,GB_GCA_003278845.1,d__Bacteria;p__Cyanobacteriota;c__Cyanobacteriia;o__PCC-6307;f__Cyanobiaceae;g__Prochlorococcus_A;s__Prochlorococcus_A sp003278845,blast,91.20,None
contig_21260|provirus_92949_135650,GB_GCA_003280895.1,d__Bacteria;p__Cyanobacteriota;c__Cyanobacteriia;o__PCC-6307;f__Cyanobiaceae;g__Prochlorococcus_A;s__Prochlorococcus_A sp003280895,blast,91.10,None
contig_21260|provirus_92949_135650,GB_GCA_902620895.1,d__Bacteria;p__Cyanobacteriota;c__Cyanobacteriia;o__PCC-6307;f__Cyanobiaceae;g__Prochlorococcus_A;s__Prochlorococcus_A sp902620895,blast,91.10,None
contig_21260|provirus_92949_135650,RS_GCF_000760115.1,d__Bacteria;p__Cyanobacteriota;c__Cyanobacteriia;o__PCC-6307;f__Cyanobiaceae;g__Prochlorococcus_A;s__Prochlorococcus_A marinus_D,blast,91.10,None
contig_21260|provirus_92949_135650,GB_GCA_002025945.1,d__Bacteria;p__Cyanobacteriota;c__Cyanobacteriia;o__PCC-6307;f__Cyanobiaceae;g__Prochlorococcus_A;s__Prochlorococcus_A sp002025945,blast,91.00,None
contig_21260|provirus_92949_135650,GB_GCA_003281405.1,d__Bacteria;p__Cyanobacteriota;c__Cyanobacteriia;o__PCC-6307;f__Cyanobiaceae;g__Prochlorococcus_A;s__Prochlorococcus_A sp003281405,blast,91.00,None
contig_21260|provirus_92949_135650,GB_GCA_902538515.1,d__Bacteria;p__Cyanobacteriota;c__Cyanobacteriia;o__PCC-6307;f__Cyanobiaceae;g__Prochlorococcus_A;s__Prochlorococcus_A sp902538515,blast,91.00,None
contig_21260|provirus_92949_135650,GB_GCA_003216635.1,d__Bacteria;p__Cyanobacteriota;c__Cyanobacteriia;o__PCC-6307;f__Cyanobiaceae;g__Prochlorococcus_A;s__Prochlorococcus_A sp003216635,blast,90.90,None
contig_21260|provirus_92949_135650,GB_GCA_003281685.1,d__Bacteria;p__Cyanobacteriota;c__Cyanobacteriia;o__PCC-6307;f__Cyanobiaceae;g__Prochlorococcus_A;s__Prochlorococcus_A sp003281685,blast,90.90,None
contig_21260|provirus_92949_135650,GB_GCA_902591865.1,d__Bacteria;p__Cyanobacteriota;c__Cyanobacteriia;o__PCC-6307;f__Cyanobiaceae;g__Prochlorococcus_A;s__Prochlorococcus_A sp902591865,blast,90.90,None
contig_21260|provirus_92949_135650,RS_GCF_017696275.1,d__Bacteria;p__Cyanobacteriota;c__Cyanobacteriia;o__PCC-6307;f__Cyanobiaceae;g__Prochlorococcus_A;s__Prochlorococcus_A marinus_AB,blast,90.90,None
contig_21260|provirus_92949_135650,GB_GCA_000635015.1,d__Bacteria;p__Cyanobacteriota;c__Cyanobacteriia;o__PCC-6307;f__Cyanobiaceae;g__Prochlorococcus_A;s__Prochlorococcus_A sp000635015,blast,90.80,None
contig_21260|provirus_92949_135650,GB_GCA_003212655.1,d__Bacteria;p__Cyanobacteriota;c__Cyanobacteriia;o__PCC-6307;f__Cyanobiaceae;g__Prochlorococcus_A;s__Prochlorococcus_A sp003212655,blast,90.80,None
contig_21260|provirus_92949_135650,GB_GCA_902538225.1,d__Bacteria;p__Cyanobacteriota;c__Cyanobacteriia;o__PCC-6307;f__Cyanobiaceae;g__Prochlorococcus_A;s__Prochlorococcus_A sp902538225,blast,90.80,None
contig_21260|provirus_92949_135650,GB_GCA_902574955.1,d__Bacteria;p__Cyanobacteriota;c__Cyanobacteriia;o__PCC-6307;f__Cyanobiaceae;g__Prochlorococcus_A;s__Prochlorococcus_A sp902574955,blast,90.80,None
contig_21260|provirus_92949_135650,GB_GCA_902606505.1,d__Bacteria;p__Cyanobacteriota;c__Cyanobacteriia;o__PCC-6307;f__Cyanobiaceae;g__Prochlorococcus_A;s__Prochlorococcus_A sp902606505,blast,90.80,None
contig_21260|provirus_92949_135650,GB_GCA_902626435.1,d__Bacteria;p__Cyanobacteriota;c__Cyanobacteriia;o__PCC-6307;f__Cyanobiaceae;g__Prochlorococcus_A;s__Prochlorococcus_A sp902626435,blast,90.80,None
contig_21260|provirus_92949_135650,RS_GCF_017696055.1,d__Bacteria;p__Cyanobacteriota;c__Cyanobacteriia;o__PCC-6307;f__Cyanobiaceae;g__Prochlorococcus_A;s__Prochlorococcus_A marinus_W,blast,90.80,None
contig_21260|provirus_92949_135650,GB_GCA_003210235.1,d__Bacteria;p__Cyanobacteriota;c__Cyanobacteriia;o__PCC-6307;f__Cyanobiaceae;g__Prochlorococcus_A;s__Prochlorococcus_A sp003210235,blast,90.70,None
contig_21260|provirus_92949_135650,GB_GCA_003278855.1,d__Bacteria;p__Cyanobacteriota;c__Cyanobacteriia;o__PCC-6307;f__Cyanobiaceae;g__Prochlorococcus_A;s__Prochlorococcus_A sp003278855,blast,90.70,None
contig_21260|provirus_92949_135650,GB_GCA_028140765.1,d__Bacteria;p__Cyanobacteriota;c__Cyanobacteriia;o__PCC-6307;f__Cyanobiaceae;g__Prochlorococcus_A;s__Prochlorococcus_A sp028140765,blast,90.70,None
contig_21260|provirus_92949_135650,GB_GCA_028141225.1,d__Bacteria;p__Cyanobacteriota;c__Cyanobacteriia;o__PCC-6307;f__Cyanobiaceae;g__Prochlorococcus_A;s__Prochlorococcus_A sp028141225,blast,90.70,None
contig_21260|provirus_92949_135650,GB_GCA_902536065.1,d__Bacteria;p__Cyanobacteriota;c__Cyanobacteriia;o__PCC-6307;f__Cyanobiaceae;g__Prochlorococcus_A;s__Prochlorococcus_A sp902536065,blast,90.70,None
contig_21260|provirus_92949_135650,GB_GCA_902611225.1,d__Bacteria;p__Cyanobacteriota;c__Cyanobacteriia;o__PCC-6307;f__Cyanobiaceae;g__Prochlorococcus_A;s__Prochlorococcus_A sp902611225,blast,90.70,None
contig_21260|provirus_92949_135650,RS_GCF_001989455.1,d__Bacteria;p__Cyanobacteriota;c__Cyanobacteriia;o__PCC-6307;f__Cyanobiaceae;g__Prochlorococcus_A;s__Prochlorococcus_A sp001989455,blast,90.70,None
contig_21260|provirus_92949_135650,GB_GCA_003214215.1,d__Bacteria;p__Cyanobacteriota;c__Cyanobacteriia;o__PCC-6307;f__Cyanobiaceae;g__Prochlorococcus_A;s__Prochlorococcus_A sp003214215,blast,90.60,None
contig_21260|provirus_92949_135650,GB_GCA_003216915.1,d__Bacteria;p__Cyanobacteriota;c__Cyanobacteriia;o__PCC-6307;f__Cyanobiaceae;g__Prochlorococcus_A;s__Prochlorococcus_A sp003216915,blast,90.60,None
contig_21260|provirus_92949_135650,GB_GCA_003281185.1,d__Bacteria;p__Cyanobacteriota;c__Cyanobacteriia;o__PCC-6307;f__Cyanobiaceae;g__Prochlorococcus_A;s__Prochlorococcus_A sp003281185,blast,90.60,None
contig_21260|provirus_92949_135650,GB_GCA_902537275.1,d__Bacteria;p__Cyanobacteriota;c__Cyanobacteriia;o__PCC-6307;f__Cyanobiaceae;g__Prochlorococcus_A;s__Prochlorococcus_A sp902537275,blast,90.60,None
contig_21260|provirus_92949_135650,GB_GCA_003278875.1,d__Bacteria;p__Cyanobacteriota;c__Cyanobacteriia;o__PCC-6307;f__Cyanobiaceae;g__Prochlorococcus_A;s__Prochlorococcus_A sp003278875,blast,90.50,None
contig_21260|provirus_92949_135650,GB_GCA_003281125.1,d__Bacteria;p__Cyanobacteriota;c__Cyanobacteriia;o__PCC-6307;f__Cyanobiaceae;g__Prochlorococcus_A;s__Prochlorococcus_A sp003281125,blast,90.50,None
contig_21260|provirus_92949_135650,GB_GCA_902536545.1,d__Bacteria;p__Cyanobacteriota;c__Cyanobacteriia;o__PCC-6307;f__Cyanobiaceae;g__Prochlorococcus_A;s__Prochlorococcus_A sp902536545,blast,90.50,None
contig_21260|provirus_92949_135650,GB_GCA_002026015.1,d__Bacteria;p__Cyanobacteriota;c__Cyanobacteriia;o__PCC-6307;f__Cyanobiaceae;g__Prochlorococcus_A;s__Prochlorococcus_A sp002026015,blast,90.40,None
contig_21260|provirus_92949_135650,GB_GCA_003210155.1,d__Bacteria;p__Cyanobacteriota;c__Cyanobacteriia;o__PCC-6307;f__Cyanobiaceae;g__Prochlorococcus_A;s__Prochlorococcus_A sp003210155,blast,90.40,None
contig_21260|provirus_92949_135650,GB_GCA_003216795.1,d__Bacteria;p__Cyanobacteriota;c__Cyanobacteriia;o__PCC-6307;f__Cyanobiaceae;g__Prochlorococcus_A;s__Prochlorococcus_A sp003216795,blast,90.40,None
contig_21260|provirus_92949_135650,GB_GCA_003278545.1,d__Bacteria;p__Cyanobacteriota;c__Cyanobacteriia;o__PCC-6307;f__Cyanobiaceae;g__Prochlorococcus_A;s__Prochlorococcus_A sp003278545,blast,90.30,None
contig_21260|provirus_92949_135650,GB_GCA_003281225.1,d__Bacteria;p__Cyanobacteriota;c__Cyanobacteriia;o__PCC-6307;f__Cyanobiaceae;g__Prochlorococcus_A;s__Prochlorococcus_A sp003281225,blast,90.30,None
contig_21260|provirus_92949_135650,GB_GCA_003283415.1,d__Bacteria;p__Cyanobacteriota;c__Cyanobacteriia;o__PCC-6307;f__Cyanobiaceae;g__Prochlorococcus_A;s__Prochlorococcus_A sp003283415,blast,90.30,None
contig_21260|provirus_92949_135650,GB_GCA_902612005.1,d__Bacteria;p__Cyanobacteriota;c__Cyanobacteriia;o__PCC-6307;f__Cyanobiaceae;g__Prochlorococcus_A;s__Prochlorococcus_A sp902612005,blast,90.30,None
contig_21260|provirus_92949_135650,3300026077_4,d__Bacteria;p__Cyanobacteriota;c__Cyanobacteriia;o__PCC-6307;f__Cyanobiaceae;g__Prochlorococcus_A;s__,blast,90.20,None
contig_21260|provirus_92949_135650,GB_GCA_003281255.1,d__Bacteria;p__Cyanobacteriota;c__Cyanobacteriia;o__PCC-6307;f__Cyanobiaceae;g__Prochlorococcus_A;s__Prochlorococcus_A sp003281255,blast,90.20,None
contig_21260|provirus_92949_135650,RS_GCF_000760095.1,d__Bacteria;p__Cyanobacteriota;c__Cyanobacteriia;o__PCC-6307;f__Cyanobiaceae;g__Prochlorococcus_A;s__Prochlorococcus_A marinus_I,blast,90.20,None
contig_21260|provirus_92949_135650,RS_GCF_017695975.1,d__Bacteria;p__Cyanobacteriota;c__Cyanobacteriia;o__PCC-6307;f__Cyanobiaceae;g__Prochlorococcus_A;s__Prochlorococcus_A marinus_AG,blast,90.20,None
contig_21260|provirus_92949_135650,GB_GCA_003212615.1,d__Bacteria;p__Cyanobacteriota;c__Cyanobacteriia;o__PCC-6307;f__Cyanobiaceae;g__Prochlorococcus_A;s__Prochlorococcus_A sp003212615,blast,90.10,None
contig_21260|provirus_92949_135650,GB_GCA_902536455.1,d__Bacteria;p__Cyanobacteriota;c__Cyanobacteriia;o__PCC-6307;f__Cyanobiaceae;g__Prochlorococcus_A;s__Prochlorococcus_A sp902536455,blast,90.10,None
contig_21260|provirus_92949_135650,GB_GCA_000634515.1,d__Bacteria;p__Cyanobacteriota;c__Cyanobacteriia;o__PCC-6307;f__Cyanobiaceae;g__Prochlorococcus_A;s__Prochlorococcus_A sp000634515,blast,90.00,None
contig_21260|provirus_92949_135650,GB_GCA_001180285.1,d__Bacteria;p__Cyanobacteriota;c__Cyanobacteriia;o__PCC-6307;f__Cyanobiaceae;g__Prochlorococcus_A;s__Prochlorococcus_A marinus_C,blast,90.00,None
contig_21260|provirus_92949_135650,GB_GCA_003281415.1,d__Bacteria;p__Cyanobacteriota;c__Cyanobacteriia;o__PCC-6307;f__Cyanobiaceae;g__Prochlorococcus_A;s__Prochlorococcus_A sp003281415,blast,90.00,None
contig_21260|provirus_92949_135650,GB_GCA_003281485.1,d__Bacteria;p__Cyanobacteriota;c__Cyanobacteriia;o__PCC-6307;f__Cyanobiaceae;g__Prochlorococcus_A;s__Prochlorococcus_A sp003281485,blast,90.00,None
contig_21260|provirus_92949_135650,GB_GCA_017644425.1,d__Bacteria;p__Cyanobacteriota;c__Cyanobacteriia;o__PCC-6307;f__Cyanobiaceae;g__Prochlorococcus_A;s__Prochlorococcus_A marinus_U,blast,90.00,None
contig_21260|provirus_92949_135650,GB_GCA_902578445.1,d__Bacteria;p__Cyanobacteriota;c__Cyanobacteriia;o__PCC-6307;f__Cyanobiaceae;g__Prochlorococcus_A;s__Prochlorococcus_A sp902578445,blast,90.00,None
contig_21260|provirus_92949_135650,RS_GCF_000757845.1,d__Bacteria;p__Cyanobacteriota;c__Cyanobacteriia;o__PCC-6307;f__Cyanobiaceae;g__Prochlorococcus_A;s__Prochlorococcus_A sp000757845,blast,90.00,None
contig_21543|provirus_1_8872,GB_GCA_034423035.1,d__Bacteria;p__Chloroflexota;c__Dehalococcoidia;o__SAR202;f__VXLM01;g__VXLM01;s__VXLM01 sp034423035,blast,93.80,iPHoP-RF;79.50
contig_21543|provirus_1_8872,GB_GCA_963665745.1,d__Bacteria;p__Chloroflexota;c__Dehalococcoidia;o__SAR202;f__VXLM01;g__VXLM01;s__VXLM01 sp963665745,blast,91.70,iPHoP-RF;81.40
contig_21543|provirus_1_8872,GB_GCA_034423435.1,d__Bacteria;p__Chloroflexota;c__Dehalococcoidia;o__SAR202;f__VXLM01;g__VXLM01;s__VXLM01 sp028875495,blast,90.60,iPHoP-RF;78.50
contig_21543|provirus_1_8872,GB_GCA_009841605.1,d__Bacteria;p__Chloroflexota;c__Dehalococcoidia;o__SAR202;f__VXLM01;g__VXLM01;s__VXLM01 sp009841605,blast,90.00,iPHoP-RF;78.00
contig_21543|provirus_1_8872,GB_GCA_034421575.1,d__Bacteria;p__Chloroflexota;c__Dehalococcoidia;o__SAR202;f__VXLM01;g__VXLM01;s__VXLM01 sp034421575,blast,90.00,iPHoP-RF;73.70
contig_21829,GB_GCA_963666865.1,d__Bacteria;p__Chloroflexota;c__Dehalococcoidia;o__UBA3495;f__UBA3495;g__Bin87;s__Bin87 sp963666865,blast,94.80,iPHoP-RF;92.80
contig_21829,GB_GCA_034421995.1,d__Bacteria;p__Chloroflexota;c__Dehalococcoidia;o__UBA3495;f__UBA3495;g__Bin87;s__Bin87 sp034421995,iPHoP-RF,94.10,None
contig_21829,GB_GCA_963665395.1,d__Bacteria;p__Chloroflexota;c__Dehalococcoidia;o__UBA3495;f__UBA3495;g__Bin87;s__Bin87 sp963665395,blast,91.90,iPHoP-RF;84.80
contig_21829,GB_GCA_034428455.1,d__Bacteria;p__Chloroflexota;c__Dehalococcoidia;o__UBA3495;f__UBA3495;g__Bin87;s__Bin87 sp034428455,iPHoP-RF,91.40,None
contig_21829,GB_GCA_963663945.1,d__Bacteria;p__Chloroflexota;c__Dehalococcoidia;o__UBA3495;f__UBA3495;g__Bin87;s__Bin87 sp963663945,blast,91.40,iPHoP-RF;88.20
contig_21829,GB_GCA_034423575.1,d__Bacteria;p__Chloroflexota;c__Dehalococcoidia;o__UBA3495;f__UBA3495;g__Bin87;s__Bin87 sp034423575,iPHoP-RF,90.80,None
contig_21916,GB_GCA_001627925.1,d__Bacteria;p__Pseudomonadota;c__Alphaproteobacteria;o__Rhodobacterales;f__Rhodobacteraceae;g__Salinivivens;s__Salinivivens sp001627925,blast,96.50,iPHoP-RF;79.00
contig_22161|provirus_3_13057,GB_GCA_021296055.1,d__Bacteria;p__Chloroflexota;c__Dehalococcoidia;o__Australimonadales;f__Australimonadaceae;g__JAGWBE01;s__JAGWBE01 sp021296055,blast,92.30,iPHoP-RF;72.80
contig_22161|provirus_3_13057,GB_GCA_963668465.1,d__Bacteria;p__Chloroflexota;c__Dehalococcoidia;o__Australimonadales;f__Australimonadaceae;g__Bin16;s__Bin16 sp963668465,blast,90.40,iPHoP-RF;64.80
contig_22261,GB_GCA_022820835.1,d__Bacteria;p__Poribacteria;c__WGA-4E;o__WGA-4E;f__WGA-3G;g__WGA-3G;s__WGA-3G sp022820835,blast,93.20,iPHoP-RF;66.00
contig_22261,GB_GCA_022827225.1,d__Bacteria;p__Poribacteria;c__WGA-4E;o__WGA-4E;f__WGA-3G;g__WGA-3G;s__WGA-3G sp022827225,blast,92.10,iPHoP-RF;63.80
contig_22261,GB_GCA_951828385.1,d__Bacteria;p__Poribacteria;c__WGA-4E;o__WGA-4E;f__WGA-3G;g__WGA-3G;s__WGA-3G sp951828385,blast,91.20,iPHoP-RF;76.80
contig_22261,GB_GCA_003635195.1,d__Bacteria;p__Poribacteria;c__WGA-4E;o__WGA-4E;f__WGA-3G;g__WGA-3G;s__WGA-3G sp003635195,blast,90.00,iPHoP-RF;77.80
contig_22261,GB_GCA_009843785.1,d__Bacteria;p__Poribacteria;c__WGA-4E;o__WGA-4E;f__WGA-3G;g__WGA-3G;s__WGA-3G sp009843785,blast,90.00,iPHoP-RF;80.30
contig_22308|provirus_61988_75337,GB_GCA_963667505.1,d__Bacteria;p__Actinomycetota;c__Acidimicrobiia;o__Acidimicrobiales;f__Aldehydirespiratoraceae;g__Aldehydirespirator;s__Aldehydirespirator sp963667505,blast,94.60,None
contig_22351,GB_GCA_024697595.1,d__Bacteria;p__Bacillota;c__Clostridia;o__Lachnospirales;f__Lachnospiraceae;g__JAILFK01;s__JAILFK01 sp024697595,iPHoP-RF,91.10,None
contig_22365,GB_GCA_963664185.1,d__Bacteria;p__Chloroflexota;c__Anaerolineae;o__Caldilineales;f__Caldilineaceae;g__Bin34;s__Bin34 sp963664185,blast,91.20,iPHoP-RF;66.00
contig_22443,GB_GCA_963668035.1,d__Bacteria;p__Poribacteria;c__WGA-4E;o__WGA-4E;f__WGA-3G;g__WGA-3G;s__WGA-3G sp963668035,blast,94.30,iPHoP-RF;79.80
contig_22467,GB_GCA_963665235.1,d__Bacteria;p__Poribacteria;c__WGA-4E;o__WGA-4E;f__WGA-3G;g__G963665235;s__G963665235 sp963665235,blast,95.40,iPHoP-RF;61.40
contig_22467,GB_GCA_958295855.1,d__Bacteria;p__Poribacteria;c__WGA-4E;o__WGA-4E;f__WGA-3G;g__CATQHH01;s__CATQHH01 sp958295855,blast,94.00,None
contig_22467,3300007110_1,d__Bacteria;p__Poribacteria;c__WGA-4E;o__WGA-4E;f__WGA-3G;g__CATQHH01;s__,blast,93.90,None
contig_22467,GB_GCA_963668035.1,d__Bacteria;p__Poribacteria;c__WGA-4E;o__WGA-4E;f__WGA-3G;g__WGA-3G;s__WGA-3G sp963668035,blast,91.00,None
contig_22475,GB_GCA_022819945.1,d__Bacteria;p__Poribacteria;c__WGA-4E;o__WGA-4E;f__WGA-3G;g__WGA-3G;s__WGA-3G sp022819945,blast,93.50,iPHoP-RF;84.50
contig_22475,GB_GCA_012270875.1,d__Bacteria;p__Poribacteria;c__WGA-4E;o__WGA-4E;f__WGA-3G;g__WGA-3G;s__WGA-3G sp012270875,blast,93.20,iPHoP-RF;67.70
contig_22475,GB_GCA_026706025.1,d__Bacteria;p__Poribacteria;c__WGA-4E;o__WGA-4E;f__WGA-3G;g__WGA-3G;s__WGA-3G sp026706025,blast,92.40,iPHoP-RF;75.00
contig_22475,GB_GCA_000406005.1,d__Bacteria;p__Poribacteria;c__WGA-4E;o__WGA-4E;f__WGA-3G;g__WGA-3G;s__WGA-3G sp000406005,blast,91.90,iPHoP-RF;68.90
contig_22475,GB_GCA_951828385.1,d__Bacteria;p__Poribacteria;c__WGA-4E;o__WGA-4E;f__WGA-3G;g__WGA-3G;s__WGA-3G sp951828385,blast,91.90,iPHoP-RF;80.30
contig_22475,GB_GCA_022821065.1,d__Bacteria;p__Poribacteria;c__WGA-4E;o__WGA-4E;f__WGA-3G;g__WGA-3G;s__WGA-3G sp022821065,blast,91.40,iPHoP-RF;68.90
contig_22583,GB_GCA_022394755.1,d__Bacteria;p__Poribacteria;c__WGA-4E;o__WGA-4E;f__WGA-3G;g__MSPOR6;s__MSPOR6 sp022394755,blast,93.60,iPHoP-RF;54.60
contig_22583,GB_GCA_003635315.1,d__Bacteria;p__Poribacteria;c__WGA-4E;o__WGA-4E;f__WGA-3G;g__MSPOR6;s__MSPOR6 sp003635315,blast,92.10,iPHoP-RF;64.30
contig_22583,GB_GCA_022825825.1,d__Bacteria;p__Poribacteria;c__WGA-4E;o__WGA-4E;f__WGA-3G;g__MSPOR6;s__MSPOR6 sp022825825,blast,91.20,iPHoP-RF;73.20
contig_22583,GB_GCA_028824125.1,d__Bacteria;p__Poribacteria;c__WGA-4E;o__WGA-4E;f__WGA-3G;g__MSPOR6;s__MSPOR6 sp028824125,blast,91.00,iPHoP-RF;71.90
contig_22583,GB_GCA_028824685.1,d__Bacteria;p__Poribacteria;c__WGA-4E;o__WGA-4E;f__WGA-3G;g__MSPOR6;s__MSPOR6 sp028824685,blast,90.90,iPHoP-RF;79.50
contig_22583,GB_GCA_951813565.1,d__Bacteria;p__Poribacteria;c__WGA-4E;o__WGA-4E;f__WGA-3G;g__MSPOR6;s__MSPOR6 sp021295735,blast,90.50,iPHoP-RF;80.80
contig_22583,GB_GCA_028820635.1,d__Bacteria;p__Poribacteria;c__WGA-4E;o__WGA-4E;f__WGA-3G;g__MSPOR6;s__MSPOR6 sp028820635,blast,90.40,iPHoP-RF;81.10
contig_22583,GB_GCA_026710795.1,d__Bacteria;p__Poribacteria;c__WGA-4E;o__WGA-4E;f__WGA-3G;g__MSPOR6;s__MSPOR6 sp026710795,blast,90.10,None
contig_22904,3300037285_6,d__Bacteria;p__Pseudomonadota;c__Gammaproteobacteria;o__Pseudomonadales;f__Azotimanducaceae;g__UBA4582;s__,iPHoP-RF,91.10,None
contig_23139,GB_GCA_963693015.1,d__Bacteria;p__JAAXHH01;c__JAAXHH01;o__JAAXHH01;f__JAAXHH01;g__JAAXHH01;s__JAAXHH01 sp963693015,blast,94.70,iPHoP-RF;57.30
contig_23146,GB_GCA_034420955.1,d__Bacteria;p__Chloroflexota;c__Dehalococcoidia;o__SAR202;f__UBA1123;g__VXRN01;s__VXRN01 sp034420955,blast,91.80,None
contig_23146,GB_GCA_963668275.1,d__Bacteria;p__Chloroflexota;c__Dehalococcoidia;o__SAR202;f__UBA1123;g__VXRN01;s__VXRN01 sp963668275,blast,90.90,None
contig_23185,GB_GCA_034423115.1,d__Bacteria;p__Chloroflexota;c__Dehalococcoidia;o__UBA3495;f__UBA3495;g__Bin87;s__Bin87 sp034423115,blast,91.90,iPHoP-RF;74.10
contig_23185,GB_GCA_002238825.1,d__Bacteria;p__Chloroflexota;c__Dehalococcoidia;o__UBA3495;f__UBA3495;g__Bin87;s__Bin87 sp002238825,blast,91.00,None
contig_23185,GB_GCA_963663945.1,d__Bacteria;p__Chloroflexota;c__Dehalococcoidia;o__UBA3495;f__UBA3495;g__Bin87;s__Bin87 sp963663945,blast,90.90,iPHoP-RF;74.30
contig_23185,GB_GCA_022827095.1,d__Bacteria;p__Chloroflexota;c__Dehalococcoidia;o__UBA3495;f__UBA3495;g__Bin87;s__Bin87 sp022827095,blast,90.80,iPHoP-RF;70.00
contig_23185,GB_GCA_028875655.1,d__Bacteria;p__Chloroflexota;c__Dehalococcoidia;o__UBA3495;f__UBA3495;g__Bin87;s__Bin87 sp028875655,blast,90.80,iPHoP-RF;59.80
contig_23185,GB_GCA_951813535.1,d__Bacteria;p__Chloroflexota;c__Dehalococcoidia;o__UBA3495;f__UBA3495;g__Bin87;s__Bin87 sp951813535,blast,90.60,iPHoP-RF;76.10
contig_2328,GB_GCA_016126025.1,d__Archaea;p__Thermoproteota;c__Nitrososphaeria;o__Nitrososphaerales;f__Nitrosopumilaceae;g__VYCS01;s__VYCS01 sp016126025,blast,93.90,None
contig_2328,GB_GCA_963665475.1,d__Archaea;p__Thermoproteota;c__Nitrososphaeria;o__Nitrososphaerales;f__Nitrosopumilaceae;g__VYCS01;s__VYCS01 sp963665475,blast,92.90,None
contig_23292,GB_GCA_022827225.1,d__Bacteria;p__Poribacteria;c__WGA-4E;o__WGA-4E;f__WGA-3G;g__WGA-3G;s__WGA-3G sp022827225,blast,95.00,iPHoP-RF;62.20
contig_23292,GB_GCA_951828385.1,d__Bacteria;p__Poribacteria;c__WGA-4E;o__WGA-4E;f__WGA-3G;g__WGA-3G;s__WGA-3G sp951828385,blast,93.90,iPHoP-RF;78.70
contig_23292,GB_GCA_000406005.1,d__Bacteria;p__Poribacteria;c__WGA-4E;o__WGA-4E;f__WGA-3G;g__WGA-3G;s__WGA-3G sp000406005,blast,90.90,iPHoP-RF;69.50
contig_23292,GB_GCA_022821495.1,d__Bacteria;p__Poribacteria;c__WGA-4E;o__WGA-4E;f__WGA-3G;g__WGA-3G;s__WGA-3G sp022821495,blast,90.70,iPHoP-RF;78.70
contig_23292,GB_GCA_026706025.1,d__Bacteria;p__Poribacteria;c__WGA-4E;o__WGA-4E;f__WGA-3G;g__WGA-3G;s__WGA-3G sp026706025,blast,90.70,iPHoP-RF;78.50
contig_23292,GB_GCA_022821065.1,d__Bacteria;p__Poribacteria;c__WGA-4E;o__WGA-4E;f__WGA-3G;g__WGA-3G;s__WGA-3G sp022821065,blast,90.60,iPHoP-RF;68.40
contig_2348,GB_GCA_022821495.1,d__Bacteria;p__Poribacteria;c__WGA-4E;o__WGA-4E;f__WGA-3G;g__WGA-3G;s__WGA-3G sp022821495,blast,94.70,iPHoP-RF;87.60
contig_2348,GB_GCA_963668035.1,d__Bacteria;p__Poribacteria;c__WGA-4E;o__WGA-4E;f__WGA-3G;g__WGA-3G;s__WGA-3G sp963668035,blast,93.80,iPHoP-RF;73.00
contig_2348,GB_GCA_026706025.1,d__Bacteria;p__Poribacteria;c__WGA-4E;o__WGA-4E;f__WGA-3G;g__WGA-3G;s__WGA-3G sp026706025,blast,92.30,iPHoP-RF;68.00
contig_2348,GB_GCA_000406005.1,d__Bacteria;p__Poribacteria;c__WGA-4E;o__WGA-4E;f__WGA-3G;g__WGA-3G;s__WGA-3G sp000406005,blast,91.70,iPHoP-RF;74.60
contig_2348,GB_GCA_022394775.1,d__Bacteria;p__Poribacteria;c__WGA-4E;o__WGA-4E;f__WGA-3G;g__WGA-3G;s__WGA-3G sp022394775,blast,91.70,iPHoP-RF;64.80
contig_2348,GB_GCA_028818695.1,d__Bacteria;p__Poribacteria;c__WGA-4E;o__GCA-2687025;f__GCA-2687025;g__JAPPNK01;s__JAPPNK01 sp028818695,blast,90.90,None
contig_23630,GB_GCA_951813545.1,d__Bacteria;p__Poribacteria;c__WGA-4E;o__WGA-4E;f__WGA-3G;g__WGA-3G;s__WGA-3G sp951813545,blast,93.70,None
contig_23630,GB_GCA_022819945.1,d__Bacteria;p__Poribacteria;c__WGA-4E;o__WGA-4E;f__WGA-3G;g__WGA-3G;s__WGA-3G sp022819945,blast,92.40,iPHoP-RF;55.40
contig_23630,GB_GCA_000406005.1,d__Bacteria;p__Poribacteria;c__WGA-4E;o__WGA-4E;f__WGA-3G;g__WGA-3G;s__WGA-3G sp000406005,blast,90.90,iPHoP-RF;53.00
contig_23630,GB_GCA_028821605.1,d__Bacteria;p__Poribacteria;c__WGA-4E;o__WGA-4E;f__WGA-3G;g__WGA-3G;s__WGA-3G sp028821605,blast,90.90,iPHoP-RF;50.90
contig_23630,GB_GCA_026702755.1,d__Bacteria;p__Poribacteria;c__WGA-4E;o__WGA-4E;f__WGA-3G;g__WGA-3G;s__WGA-3G sp026702755,blast,90.50,iPHoP-RF;57.10
contig_23650,GB_GCA_963666765.1,d__Bacteria;p__Pseudomonadota;c__Gammaproteobacteria;o__Foliamicales;f__Foliamicaceae;g__Foliamicus;s__Foliamicus sp963666765,blast,93.90,iPHoP-RF;50.20
contig_23650,GB_GCA_026707445.1,d__Bacteria;p__Pseudomonadota;c__Gammaproteobacteria;o__Foliamicales;f__Foliamicaceae;g__Foliamicus;s__Foliamicus sp026707445,blast,92.10,None
contig_23650,GB_GCA_009845905.1,d__Bacteria;p__Pseudomonadota;c__Gammaproteobacteria;o__Foliamicales;f__Foliamicaceae;g__Foliamicus;s__Foliamicus sp009845905,blast,91.80,iPHoP-RF;50.40
contig_23650,GB_GCA_028821145.1,d__Bacteria;p__Pseudomonadota;c__Gammaproteobacteria;o__Foliamicales;f__Foliamicaceae;g__Foliamicus;s__Foliamicus sp028821145,blast,91.00,iPHoP-RF;52.20
contig_23650,GB_GCA_009838035.1,d__Bacteria;p__Pseudomonadota;c__Gammaproteobacteria;o__Foliamicales;f__Foliamicaceae;g__Foliamicus;s__Foliamicus sp009838035,blast,90.30,None
contig_23650,GB_GCA_963665145.1,d__Bacteria;p__Pseudomonadota;c__Gammaproteobacteria;o__Foliamicales;f__Foliamicaceae;g__Foliamicus;s__Foliamicus sp963665145,blast,90.30,None
contig_23650,GB_GCA_011523505.1,d__Bacteria;p__Pseudomonadota;c__Gammaproteobacteria;o__Foliamicales;f__Foliamicaceae;g__Foliamicus;s__Foliamicus sp011523505,blast,90.10,None
contig_23823,GB_GCA_022827225.1,d__Bacteria;p__Poribacteria;c__WGA-4E;o__WGA-4E;f__WGA-3G;g__WGA-3G;s__WGA-3G sp022827225,blast,91.80,None
contig_23912|provirus_16517_82914,GB_GCA_022825825.1,d__Bacteria;p__Poribacteria;c__WGA-4E;o__WGA-4E;f__WGA-3G;g__MSPOR6;s__MSPOR6 sp022825825,blast,93.20,None
contig_23912|provirus_16517_82914,GB_GCA_028824575.1,d__Bacteria;p__Poribacteria;c__WGA-4E;o__WGA-4E;f__WGA-3G;g__WGA-3G;s__WGA-3G sp028824575,blast,91.00,iPHoP-RF;81.90
contig_23912|provirus_16517_82914,GB_GCA_022827885.1,d__Bacteria;p__Poribacteria;c__WGA-4E;o__WGA-4E;f__WGA-3G;g__WGA-3G;s__WGA-3G sp022827885,blast,90.90,None
contig_23912|provirus_16517_82914,GB_GCA_963664215.1,d__Bacteria;p__Poribacteria;c__WGA-4E;o__WGA-4E;f__WGA-3G;g__WGA-3G;s__WGA-3G sp963664215,blast,90.80,iPHoP-RF;71.10
contig_23912|provirus_16517_82914,GB_GCA_951828385.1,d__Bacteria;p__Poribacteria;c__WGA-4E;o__WGA-4E;f__WGA-3G;g__WGA-3G;s__WGA-3G sp951828385,blast,90.70,iPHoP-RF;85.10
contig_23912|provirus_16517_82914,GB_GCA_021295715.1,d__Bacteria;p__Poribacteria;c__WGA-4E;o__WGA-4E;f__WGA-3G;g__WGA-3G;s__WGA-3G sp021295715,blast,90.60,iPHoP-RF;65.30
contig_23912|provirus_16517_82914,GB_GCA_951828515.1,d__Bacteria;p__Poribacteria;c__WGA-4E;o__WGA-4E;f__WGA-3G;g__WGA-3G;s__WGA-3G sp951828515,blast,90.50,iPHoP-RF;73.70
contig_23912|provirus_16517_82914,GB_GCA_022827185.1,d__Bacteria;p__Poribacteria;c__WGA-4E;o__WGA-4E;f__WGA-3G;g__WGA-3G;s__WGA-3G sp022827185,blast,90.00,iPHoP-RF;79.50
contig_23927,GB_GCA_023268875.1,d__Bacteria;p__Bacteroidota;c__Bacteroidia;o__NS11-12g;f__UBA955;g__VMCP01;s__VMCP01 sp023268875,blast,91.20,iPHoP-RF;74.10
contig_23941|provirus_46968_85585,GB_GCA_963665395.1,d__Bacteria;p__Chloroflexota;c__Dehalococcoidia;o__UBA3495;f__UBA3495;g__Bin87;s__Bin87 sp963665395,iPHoP-RF,90.10,None
contig_24248,GB_GCA_951828385.1,d__Bacteria;p__Poribacteria;c__WGA-4E;o__WGA-4E;f__WGA-3G;g__WGA-3G;s__WGA-3G sp951828385,blast,93.40,iPHoP-RF;81.60
contig_24248,GB_GCA_000406005.1,d__Bacteria;p__Poribacteria;c__WGA-4E;o__WGA-4E;f__WGA-3G;g__WGA-3G;s__WGA-3G sp000406005,blast,92.60,iPHoP-RF;82.20
contig_24248,GB_GCA_022821965.1,d__Bacteria;p__Poribacteria;c__WGA-4E;o__WGA-4E;f__WGA-3G;g__WGA-3G;s__WGA-3G sp022821965,iPHoP-RF,92.10,None
contig_24248,GB_GCA_028821605.1,d__Bacteria;p__Poribacteria;c__WGA-4E;o__WGA-4E;f__WGA-3G;g__WGA-3G;s__WGA-3G sp028821605,iPHoP-RF,90.50,None
contig_24681,GB_GCA_026706025.1,d__Bacteria;p__Poribacteria;c__WGA-4E;o__WGA-4E;f__WGA-3G;g__WGA-3G;s__WGA-3G sp026706025,iPHoP-RF,97.10,blast;90.70
contig_24681,GB_GCA_012271015.1,d__Bacteria;p__Poribacteria;c__WGA-4E;o__WGA-4E;f__WGA-3G;g__WGA-3G;s__WGA-3G sp012271015,iPHoP-RF,96.10,None
contig_24681,GB_GCA_009841255.1,d__Bacteria;p__Poribacteria;c__WGA-4E;o__WGA-4E;f__WGA-3G;g__WGA-3G;s__WGA-3G sp009841255,iPHoP-RF,95.70,None
contig_24681,GB_GCA_963668035.1,d__Bacteria;p__Poribacteria;c__WGA-4E;o__WGA-4E;f__WGA-3G;g__WGA-3G;s__WGA-3G sp963668035,iPHoP-RF,95.10,blast;90.70
contig_24681,GB_GCA_022821965.1,d__Bacteria;p__Poribacteria;c__WGA-4E;o__WGA-4E;f__WGA-3G;g__WGA-3G;s__WGA-3G sp022821965,iPHoP-RF,94.70,None
contig_24681,GB_GCA_003635255.1,d__Bacteria;p__Poribacteria;c__WGA-4E;o__WGA-4E;f__WGA-3G;g__WGA-3G;s__WGA-3G sp003635255,iPHoP-RF,94.40,None
contig_24681,GB_GCA_009835515.1,d__Bacteria;p__Poribacteria;c__WGA-4E;o__WGA-4E;f__WGA-3G;g__WGA-3G;s__WGA-3G sp009835515,iPHoP-RF,94.40,None
contig_24681,GB_GCA_022821065.1,d__Bacteria;p__Poribacteria;c__WGA-4E;o__WGA-4E;f__WGA-3G;g__WGA-3G;s__WGA-3G sp022821065,iPHoP-RF,94.40,None
contig_24681,GB_GCA_022823085.1,d__Bacteria;p__Poribacteria;c__WGA-4E;o__WGA-4E;f__WGA-3G;g__WGA-3G;s__WGA-3G sp022823085,iPHoP-RF,94.40,None
contig_24681,GB_GCA_000406005.1,d__Bacteria;p__Poribacteria;c__WGA-4E;o__WGA-4E;f__WGA-3G;g__WGA-3G;s__WGA-3G sp000406005,iPHoP-RF,94.10,None
contig_24681,GB_GCA_951812525.1,d__Bacteria;p__Poribacteria;c__WGA-4E;o__WGA-4E;f__WGA-3G;g__WGA-3G;s__WGA-3G sp951812525,iPHoP-RF,94.10,None
contig_24681,GB_GCA_022827055.1,d__Bacteria;p__Poribacteria;c__WGA-4E;o__WGA-4E;f__JAJDTR01;g__JAJDTR01;s__JAJDTR01 sp022827055,blast,93.80,None
contig_24681,GB_GCA_022821495.1,d__Bacteria;p__Poribacteria;c__WGA-4E;o__WGA-4E;f__WGA-3G;g__WGA-3G;s__WGA-3G sp022821495,iPHoP-RF,93.70,None
contig_24681,GB_GCA_026702755.1,d__Bacteria;p__Poribacteria;c__WGA-4E;o__WGA-4E;f__WGA-3G;g__WGA-3G;s__WGA-3G sp026702755,iPHoP-RF,93.70,None
contig_24681,GB_GCA_028821605.1,d__Bacteria;p__Poribacteria;c__WGA-4E;o__WGA-4E;f__WGA-3G;g__WGA-3G;s__WGA-3G sp028821605,iPHoP-RF,93.40,None
contig_24681,GB_GCA_951828385.1,d__Bacteria;p__Poribacteria;c__WGA-4E;o__WGA-4E;f__WGA-3G;g__WGA-3G;s__WGA-3G sp951828385,iPHoP-RF,93.40,blast;89.60
contig_24681,GB_GCA_963664215.1,d__Bacteria;p__Poribacteria;c__WGA-4E;o__WGA-4E;f__WGA-3G;g__WGA-3G;s__WGA-3G sp963664215,iPHoP-RF,93.40,None
contig_24681,GB_GCA_009845545.1,d__Bacteria;p__Poribacteria;c__WGA-4E;o__WGA-4E;f__WGA-3G;g__WGA-3G;s__WGA-3G sp009845545,iPHoP-RF,93.10,None
contig_24681,GB_GCA_022820835.1,d__Bacteria;p__Poribacteria;c__WGA-4E;o__WGA-4E;f__WGA-3G;g__WGA-3G;s__WGA-3G sp022820835,iPHoP-RF,93.10,None
contig_24681,GB_GCA_951813545.1,d__Bacteria;p__Poribacteria;c__WGA-4E;o__WGA-4E;f__WGA-3G;g__WGA-3G;s__WGA-3G sp951813545,iPHoP-RF,93.10,None
contig_24681,GB_GCA_951828515.1,d__Bacteria;p__Poribacteria;c__WGA-4E;o__WGA-4E;f__WGA-3G;g__WGA-3G;s__WGA-3G sp951828515,iPHoP-RF,93.10,None
contig_24681,GB_GCA_021295715.1,d__Bacteria;p__Poribacteria;c__WGA-4E;o__WGA-4E;f__WGA-3G;g__WGA-3G;s__WGA-3G sp021295715,iPHoP-RF,92.40,None
contig_24681,GB_GCA_007571305.1,d__Bacteria;p__Poribacteria;c__WGA-4E;o__WGA-4E;f__WGA-3G;g__WGA-3G;s__WGA-3G sp007571305,iPHoP-RF,92.10,None
contig_24681,GB_GCA_009843785.1,d__Bacteria;p__Poribacteria;c__WGA-4E;o__WGA-4E;f__WGA-3G;g__WGA-3G;s__WGA-3G sp009843785,iPHoP-RF,91.40,None
contig_24681,GB_GCA_022819945.1,d__Bacteria;p__Poribacteria;c__WGA-4E;o__WGA-4E;f__WGA-3G;g__WGA-3G;s__WGA-3G sp022819945,iPHoP-RF,91.10,None
contig_24681,GB_GCA_022826805.1,d__Bacteria;p__Poribacteria;c__WGA-4E;o__WGA-4E;f__WGA-3G;g__WGA-3G;s__WGA-3G sp022826805,blast,90.80,iPHoP-RF;86.70
contig_24681,GB_GCA_963666305.1,d__Bacteria;p__Poribacteria;c__WGA-4E;o__WGA-4E;f__WGA-3G;g__WGA-3G;s__WGA-3G sp026713385,iPHoP-RF,90.80,None
contig_24700,GB_GCA_026713545.1,d__Bacteria;p__Acidobacteriota;c__Terriglobia;o__Bryobacterales;f__UBA6623;g__JAPPLB01;s__JAPPLB01 sp026713545,blast,94.10,iPHoP-RF;51.50
contig_24733,GB_GCA_009843785.1,d__Bacteria;p__Poribacteria;c__WGA-4E;o__WGA-4E;f__WGA-3G;g__WGA-3G;s__WGA-3G sp009843785,blast,92.70,iPHoP-RF;92.40
contig_25379,GB_GCA_034421995.1,d__Bacteria;p__Chloroflexota;c__Dehalococcoidia;o__UBA3495;f__UBA3495;g__Bin87;s__Bin87 sp034421995,iPHoP-RF,96.10,None
contig_25379,GB_GCA_022823505.1,d__Bacteria;p__Chloroflexota;c__Dehalococcoidia;o__UBA3495;f__UBA3495;g__Bin87;s__Bin87 sp022823505,iPHoP-RF,94.40,None
contig_25379,GB_GCA_963663945.1,d__Bacteria;p__Chloroflexota;c__Dehalococcoidia;o__UBA3495;f__UBA3495;g__Bin87;s__Bin87 sp963663945,iPHoP-RF,92.80,None
contig_25379,GB_GCA_009837355.1,d__Bacteria;p__Chloroflexota;c__Dehalococcoidia;o__UBA3495;f__UBA3495;g__Bin87;s__Bin87 sp009837355,iPHoP-RF,91.80,None
contig_25379,GB_GCA_963665395.1,d__Bacteria;p__Chloroflexota;c__Dehalococcoidia;o__UBA3495;f__UBA3495;g__Bin87;s__Bin87 sp963665395,iPHoP-RF,91.80,None
contig_25379,GB_GCA_034423595.1,d__Bacteria;p__Chloroflexota;c__Dehalococcoidia;o__UBA3495;f__UBA3495;g__Bin87;s__Bin87 sp034423595,iPHoP-RF,90.10,None
contig_25574,GB_GCA_963662875.1,d__Bacteria;p__Chloroflexota;c__UBA2235;o__UBA12225;f__JAJDUF01;g__JAJDUF01;s__JAJDUF01 sp963662875,blast,92.10,None
contig_25891,RS_GCF_009680455.1,d__Bacteria;p__Bacillota;c__Clostridia;o__Lachnospirales;f__Lachnospiraceae;g__Lachnospira;s__Lachnospira eligens_A,CRISPR,95.20,None
contig_25891,GB_GCA_000436475.1,d__Bacteria;p__Bacillota;c__Clostridia;o__Lachnospirales;f__Lachnospiraceae;g__Lachnospira;s__Lachnospira sp000436475,CRISPR,92.60,None
contig_25891,GB_GCA_023268875.1,d__Bacteria;p__Bacteroidota;c__Bacteroidia;o__NS11-12g;f__UBA955;g__VMCP01;s__VMCP01 sp023268875,blast,91.80,None
contig_26025,GB_GCA_009843785.1,d__Bacteria;p__Poribacteria;c__WGA-4E;o__WGA-4E;f__WGA-3G;g__WGA-3G;s__WGA-3G sp009843785,blast,92.50,iPHoP-RF;91.10
contig_26025,GB_GCA_951828515.1,d__Bacteria;p__Poribacteria;c__WGA-4E;o__WGA-4E;f__WGA-3G;g__WGA-3G;s__WGA-3G sp951828515,iPHoP-RF,91.10,None
contig_26679,3300035524_10,d__Archaea;p__Halobacteriota;c__Methanosarcinia;o__Methanosarcinales;f__Methanosarcinaceae;g__Methanolobus;s__,iPHoP-RF,90.80,None
contig_26679,RS_GCF_017873415.1,d__Archaea;p__Halobacteriota;c__Methanosarcinia;o__Methanosarcinales;f__Methanosarcinaceae;g__Methanolobus;s__Methanolobus bombayensis,iPHoP-RF,90.80,None
contig_26740,GB_GCA_963668035.1,d__Bacteria;p__Poribacteria;c__WGA-4E;o__WGA-4E;f__WGA-3G;g__WGA-3G;s__WGA-3G sp963668035,blast,93.40,iPHoP-RF;65.10
contig_26740,GB_GCA_028820845.1,d__Bacteria;p__Poribacteria;c__WGA-4E;o__WGA-4E;f__WGA-3G;g__WGA-3G;s__WGA-3G sp009845505,blast,92.00,iPHoP-RF;73.00
contig_26740,GB_GCA_951828515.1,d__Bacteria;p__Poribacteria;c__WGA-4E;o__WGA-4E;f__WGA-3G;g__WGA-3G;s__WGA-3G sp951828515,blast,91.00,iPHoP-RF;60.30
contig_26740,GB_GCA_951828385.1,d__Bacteria;p__Poribacteria;c__WGA-4E;o__WGA-4E;f__WGA-3G;g__WGA-3G;s__WGA-3G sp951828385,blast,90.90,iPHoP-RF;61.90
contig_26740,GB_GCA_022827185.1,d__Bacteria;p__Poribacteria;c__WGA-4E;o__WGA-4E;f__WGA-3G;g__WGA-3G;s__WGA-3G sp022827185,blast,90.70,iPHoP-RF;67.50
contig_26740,GB_GCA_022819945.1,d__Bacteria;p__Poribacteria;c__WGA-4E;o__WGA-4E;f__WGA-3G;g__WGA-3G;s__WGA-3G sp022819945,blast,90.50,iPHoP-RF;69.50
contig_26740,GB_GCA_963664215.1,d__Bacteria;p__Poribacteria;c__WGA-4E;o__WGA-4E;f__WGA-3G;g__WGA-3G;s__WGA-3G sp963664215,blast,90.30,iPHoP-RF;62.50
contig_26740,GB_GCA_009839745.1,d__Bacteria;p__Poribacteria;c__WGA-4E;o__WGA-4E;f__WGA-3G;g__WGA-3G;s__WGA-3G sp009839745,blast,90.20,None
contig_26740,GB_GCA_009843785.1,d__Bacteria;p__Poribacteria;c__WGA-4E;o__WGA-4E;f__WGA-3G;g__WGA-3G;s__WGA-3G sp009843785,blast,90.10,iPHoP-RF;65.30
contig_26823,GB_GCA_028877195.1,d__Bacteria;p__Bdellovibrionota_B;c__Oligoflexia;o__Oligoflexales;f__JAPPIL01;g__JAPPIL01;s__JAPPIL01 sp028877195,blast,92.80,None
contig_26823,GB_GCA_958296095.1,d__Bacteria;p__Bdellovibrionota_B;c__Oligoflexia;o__Oligoflexales;f__JAPPIL01;g__G958296095;s__G958296095 sp958296095,blast,90.90,None
contig_26993|provirus_762_7651,GB_GCA_034428635.1,d__Bacteria;p__Chloroflexota;c__Dehalococcoidia;o__UBA3495;f__UBA3495;g__Bin22;s__Bin22 sp034428635,blast,94.60,iPHoP-RF;61.90
contig_26993|provirus_762_7651,GB_GCA_963664725.1,d__Bacteria;p__Chloroflexota;c__Dehalococcoidia;o__UBA3495;f__UBA3495;g__Bin22;s__Bin22 sp963664725,blast,94.60,iPHoP-RF;62.50
contig_26993|provirus_762_7651,GB_GCA_034422655.1,d__Bacteria;p__Chloroflexota;c__Dehalococcoidia;o__UBA3495;f__UBA3495;g__Bin22;s__Bin22 sp034422655,blast,92.80,iPHoP-RF;70.20
contig_26993|provirus_762_7651,GB_GCA_028874075.1,d__Bacteria;p__Chloroflexota;c__Dehalococcoidia;o__UBA3495;f__UBA3495;g__Bin22;s__Bin22 sp028874075,blast,92.10,iPHoP-RF;55.40
contig_26993|provirus_762_7651,GB_GCA_963422635.1,d__Bacteria;p__Chloroflexota;c__Dehalococcoidia;o__UBA3495;f__UBA3495;g__CATQHB01;s__CATQHB01 sp963422635,blast,90.70,None
contig_26993|provirus_762_7651,GB_GCA_009840135.1,d__Bacteria;p__Chloroflexota;c__Dehalococcoidia;o__UBA3495;f__UBA3495;g__Bin22;s__Bin22 sp009840135,blast,90.60,None
contig_27043,GB_GCA_012270875.1,d__Bacteria;p__Poribacteria;c__WGA-4E;o__WGA-4E;f__WGA-3G;g__WGA-3G;s__WGA-3G sp012270875,blast,93.30,iPHoP-RF;78.70
contig_27043,GB_GCA_022828145.1,d__Bacteria;p__Poribacteria;c__WGA-4E;o__WGA-4E;f__WGA-3G;g__MSPOR6;s__MSPOR6 sp022828145,blast,90.90,None
contig_27043,GB_GCA_022822215.1,d__Bacteria;p__Poribacteria;c__WGA-4E;o__WGA-4E;f__WGA-3G;g__WGA-3G;s__WGA-3G sp022822215,blast,90.20,iPHoP-RF;62.50
contig_27046,RS_GCF_036245475.1,d__Bacteria;p__Pseudomonadota;c__Gammaproteobacteria;o__Enterobacterales;f__Vibrionaceae;g__Vibrio;s__Vibrio sp036245475,iPHoP-RF,94.40,None
contig_27046,GB_GCA_003263775.1,d__Bacteria;p__Pseudomonadota;c__Gammaproteobacteria;o__Enterobacterales;f__Vibrionaceae;g__Vibrio;s__Vibrio maritimus,iPHoP-RF,94.10,None
contig_27046,RS_GCF_003263785.1,d__Bacteria;p__Pseudomonadota;c__Gammaproteobacteria;o__Enterobacterales;f__Vibrionaceae;g__Vibrio;s__Vibrio variabilis,iPHoP-RF,94.10,None
contig_27046,3300021338_13,d__Bacteria;p__Pseudomonadota;c__Gammaproteobacteria;o__Enterobacterales;f__Vibrionaceae;g__Vibrio;s__,iPHoP-RF,93.70,None
contig_27046,RS_GCF_036533755.1,d__Bacteria;p__Pseudomonadota;c__Gammaproteobacteria;o__Enterobacterales;f__Vibrionaceae;g__Vibrio;s__Vibrio sp036533755,iPHoP-RF,93.70,None
contig_27046,RS_GCF_000772105.1,d__Bacteria;p__Pseudomonadota;c__Gammaproteobacteria;o__Enterobacterales;f__Vibrionaceae;g__Vibrio;s__Vibrio tubiashii,iPHoP-RF,93.10,None
contig_27046,RS_GCF_028551255.1,d__Bacteria;p__Pseudomonadota;c__Gammaproteobacteria;o__Enterobacterales;f__Vibrionaceae;g__Vibrio;s__Vibrio tubiashii_B,iPHoP-RF,93.10,None
contig_27046,GB_GCA_000775715.1,d__Bacteria;p__Pseudomonadota;c__Gammaproteobacteria;o__Enterobacterales;f__Vibrionaceae;g__Vibrio;s__Vibrio tubiashii_A,iPHoP-RF,92.80,None
contig_27046,RS_GCF_900107935.1,d__Bacteria;p__Pseudomonadota;c__Gammaproteobacteria;o__Enterobacterales;f__Vibrionaceae;g__Vibrio;s__Vibrio hangzhouensis,iPHoP-RF,92.40,None
contig_27046,RS_GCF_963681195.1,d__Bacteria;p__Pseudomonadota;c__Gammaproteobacteria;o__Enterobacterales;f__Vibrionaceae;g__Vibrio;s__Vibrio sinaloensis_D,iPHoP-RF,91.80,None
contig_27046,RS_GCF_004551525.1,d__Bacteria;p__Pseudomonadota;c__Gammaproteobacteria;o__Enterobacterales;f__Vibrionaceae;g__Vibrio;s__Vibrio ouci,iPHoP-RF,90.10,None
contig_27046,RS_GCF_023195835.1,d__Bacteria;p__Pseudomonadota;c__Gammaproteobacteria;o__Enterobacterales;f__Vibrionaceae;g__Vibrio;s__Vibrio sinaloensis_C,iPHoP-RF,90.10,None
contig_27064,GB_GCA_963665475.1,d__Archaea;p__Thermoproteota;c__Nitrososphaeria;o__Nitrososphaerales;f__Nitrosopumilaceae;g__VYCS01;s__VYCS01 sp963665475,blast,94.30,iPHoP-RF;60.60
contig_27084,GB_GCA_951813395.1,d__Bacteria;p__Gemmatimonadota;c__Gemmatimonadetes;o__Longimicrobiales;f__UBA6960;g__Bin94;s__Bin94 sp951813395,blast,92.90,iPHoP-RF;70.40
contig_27084,GB_GCA_963555795.2,d__Bacteria;p__Gemmatimonadota;c__Gemmatimonadetes;o__Longimicrobiales;f__UBA6960;g__Bin94;s__Bin94 sp963555795,blast,90.90,iPHoP-RF;75.90
contig_27084,GB_GCA_963667485.1,d__Bacteria;p__Gemmatimonadota;c__Gemmatimonadetes;o__Longimicrobiales;f__UBA6960;g__Bin94;s__Bin94 sp963667485,blast,90.80,iPHoP-RF;73.70
contig_27084,GB_GCA_963666095.1,d__Bacteria;p__Gemmatimonadota;c__Gemmatimonadetes;o__Longimicrobiales;f__UBA6960;g__Bin94;s__Bin94 sp963666095,blast,90.60,iPHoP-RF;77.80
contig_27171,GB_GCA_022825835.1,d__Bacteria;p__Latescibacterota;c__UBA2968;o__UBA8231;f__UBA8231;g__GCA-2724215;s__GCA-2724215 sp022825835,blast,95.50,iPHoP-RF;53.00
contig_27171,GB_GCA_009841115.1,d__Bacteria;p__Latescibacterota;c__UBA2968;o__UBA8231;f__UBA8231;g__GCA-2724215;s__GCA-2724215 sp009841115,blast,95.40,None
contig_27171,GB_GCA_028875345.1,d__Bacteria;p__Latescibacterota;c__UBA2968;o__UBA8231;f__UBA8231;g__GCA-2724215;s__GCA-2724215 sp028875345,blast,95.00,iPHoP-RF;53.60
contig_27171,GB_GCA_022827835.1,d__Bacteria;p__Latescibacterota;c__UBA2968;o__UBA8231;f__UBA8231;g__GCA-2724215;s__GCA-2724215 sp022827835,blast,94.70,None
contig_27171,GB_GCA_022820485.1,d__Bacteria;p__Latescibacterota;c__UBA2968;o__UBA8231;f__UBA8231;g__GCA-2724215;s__GCA-2724215 sp022820485,blast,94.20,iPHoP-RF;53.30
contig_27171,GB_GCA_951813615.1,d__Bacteria;p__Latescibacterota;c__UBA2968;o__UBA8231;f__UBA8231;g__GCA-2724215;s__GCA-2724215 sp951813615,blast,93.60,None
contig_27171,GB_GCA_009845645.1,d__Bacteria;p__Latescibacterota;c__UBA2968;o__UBA8231;f__UBA8231;g__GCA-2724215;s__GCA-2724215 sp009845645,blast,93.10,iPHoP-RF;52.00
contig_27171,GB_GCA_022820705.1,d__Bacteria;p__Latescibacterota;c__UBA2968;o__UBA8231;f__UBA8231;g__GCA-2724215;s__GCA-2724215 sp022820705,blast,93.10,None
contig_27171,GB_GCA_958295495.1,d__Bacteria;p__Latescibacterota;c__UBA2968;o__UBA8231;f__UBA8231;g__GCA-2724215;s__GCA-2724215 sp958295495,blast,92.00,None
contig_27498,RS_GCF_037055325.1,d__Bacteria;p__Actinomycetota;c__Actinomycetes;o__Propionibacteriales;f__Propionibacteriaceae;g__Arachnia;s__Arachnia sp013333945,iPHoP-RF,96.40,None
contig_27748|provirus_16054_79294,GB_GCA_022821065.1,d__Bacteria;p__Poribacteria;c__WGA-4E;o__WGA-4E;f__WGA-3G;g__WGA-3G;s__WGA-3G sp022821065,blast,93.90,iPHoP-RF;72.60
contig_27748|provirus_16054_79294,GB_GCA_009839745.1,d__Bacteria;p__Poribacteria;c__WGA-4E;o__WGA-4E;f__WGA-3G;g__WGA-3G;s__WGA-3G sp009839745,blast,90.30,None
contig_27748|provirus_16054_79294,GB_GCA_009845545.1,d__Bacteria;p__Poribacteria;c__WGA-4E;o__WGA-4E;f__WGA-3G;g__WGA-3G;s__WGA-3G sp009845545,blast,90.10,iPHoP-RF;76.40
contig_28750|provirus_198_38207,GB_GCA_963668035.1,d__Bacteria;p__Poribacteria;c__WGA-4E;o__WGA-4E;f__WGA-3G;g__WGA-3G;s__WGA-3G sp963668035,blast,93.80,iPHoP-RF;90.10
contig_28750|provirus_198_38207,GB_GCA_022820835.1,d__Bacteria;p__Poribacteria;c__WGA-4E;o__WGA-4E;f__WGA-3G;g__WGA-3G;s__WGA-3G sp022820835,iPHoP-RF,93.40,None
contig_28750|provirus_198_38207,GB_GCA_022821065.1,d__Bacteria;p__Poribacteria;c__WGA-4E;o__WGA-4E;f__WGA-3G;g__WGA-3G;s__WGA-3G sp022821065,iPHoP-RF,93.10,None
contig_28750|provirus_198_38207,GB_GCA_963665235.1,d__Bacteria;p__Poribacteria;c__WGA-4E;o__WGA-4E;f__WGA-3G;g__G963665235;s__G963665235 sp963665235,blast,92.00,None
contig_28750|provirus_198_38207,GB_GCA_963667245.1,d__Bacteria;p__Poribacteria;c__WGA-4E;o__WGA-4E;f__JAJDTR01;g__JAJDTR01;s__JAJDTR01 sp963667245,blast,90.80,None
contig_28753,GB_GCA_000634195.1,d__Bacteria;p__Cyanobacteriota;c__Cyanobacteriia;o__PCC-6307;f__Cyanobiaceae;g__Prochlorococcus_A;s__Prochlorococcus_A sp000634195,blast,96.80,iPHoP-RF;53.80
contig_28753,GB_GCA_000634215.1,d__Bacteria;p__Cyanobacteriota;c__Cyanobacteriia;o__PCC-6307;f__Cyanobiaceae;g__Prochlorococcus_A;s__Prochlorococcus_A sp000634215,blast,96.80,None
contig_28753,GB_GCA_000634415.1,d__Bacteria;p__Cyanobacteriota;c__Cyanobacteriia;o__PCC-6307;f__Cyanobiaceae;g__Prochlorococcus_A;s__Prochlorococcus_A sp000634415,blast,96.80,None
contig_28753,GB_GCA_000634735.1,d__Bacteria;p__Cyanobacteriota;c__Cyanobacteriia;o__PCC-6307;f__Cyanobiaceae;g__Prochlorococcus_A;s__Prochlorococcus_A sp000634735,blast,96.80,iPHoP-RF;54.10
contig_28753,GB_GCA_000635015.1,d__Bacteria;p__Cyanobacteriota;c__Cyanobacteriia;o__PCC-6307;f__Cyanobiaceae;g__Prochlorococcus_A;s__Prochlorococcus_A sp000635015,blast,96.80,iPHoP-RF;56.00
contig_28753,GB_GCA_000635495.1,d__Bacteria;p__Cyanobacteriota;c__Cyanobacteriia;o__PCC-6307;f__Cyanobiaceae;g__Prochlorococcus_A;s__Prochlorococcus_A sp000635495,blast,96.80,iPHoP-RF;58.20
contig_28753,GB_GCA_001180285.1,d__Bacteria;p__Cyanobacteriota;c__Cyanobacteriia;o__PCC-6307;f__Cyanobiaceae;g__Prochlorococcus_A;s__Prochlorococcus_A marinus_C,blast,96.80,iPHoP-RF;57.10
contig_28753,GB_GCA_002025865.1,d__Bacteria;p__Cyanobacteriota;c__Cyanobacteriia;o__PCC-6307;f__Cyanobiaceae;g__Prochlorococcus_A;s__Prochlorococcus_A sp002025865,blast,96.80,iPHoP-RF;58.20
contig_28753,GB_GCA_002026005.1,d__Bacteria;p__Cyanobacteriota;c__Cyanobacteriia;o__PCC-6307;f__Cyanobiaceae;g__Prochlorococcus_A;s__Prochlorococcus_A sp002026005,blast,96.80,iPHoP-RF;52.20
contig_28753,GB_GCA_002026015.1,d__Bacteria;p__Cyanobacteriota;c__Cyanobacteriia;o__PCC-6307;f__Cyanobiaceae;g__Prochlorococcus_A;s__Prochlorococcus_A sp002026015,blast,96.80,None
contig_28753,GB_GCA_002026165.1,d__Bacteria;p__Cyanobacteriota;c__Cyanobacteriia;o__PCC-6307;f__Cyanobiaceae;g__Prochlorococcus_A;s__Prochlorococcus_A sp002026165,blast,96.80,iPHoP-RF;58.70
contig_28753,GB_GCA_003209475.1,d__Bacteria;p__Cyanobacteriota;c__Cyanobacteriia;o__PCC-6307;f__Cyanobiaceae;g__Prochlorococcus_A;s__Prochlorococcus_A sp003209475,blast,96.80,iPHoP-RF;53.80
contig_28753,GB_GCA_003209585.1,d__Bacteria;p__Cyanobacteriota;c__Cyanobacteriia;o__PCC-6307;f__Cyanobiaceae;g__Prochlorococcus_A;s__Prochlorococcus_A sp003209585,blast,96.80,iPHoP-RF;51.50
contig_28753,GB_GCA_003211415.1,d__Bacteria;p__Cyanobacteriota;c__Cyanobacteriia;o__PCC-6307;f__Cyanobiaceae;g__Prochlorococcus_A;s__Prochlorococcus_A sp003211415,blast,96.80,iPHoP-RF;51.50
contig_28753,GB_GCA_003211955.1,d__Bacteria;p__Cyanobacteriota;c__Cyanobacteriia;o__PCC-6307;f__Cyanobiaceae;g__Prochlorococcus_A;s__Prochlorococcus_A sp003211955,blast,96.80,iPHoP-RF;52.50
contig_28753,GB_GCA_003212195.1,d__Bacteria;p__Cyanobacteriota;c__Cyanobacteriia;o__PCC-6307;f__Cyanobiaceae;g__Prochlorococcus_A;s__Prochlorococcus_A sp003212195,blast,96.80,iPHoP-RF;52.20
contig_28753,GB_GCA_003214315.1,d__Bacteria;p__Cyanobacteriota;c__Cyanobacteriia;o__PCC-6307;f__Cyanobiaceae;g__Prochlorococcus_A;s__Prochlorococcus_A sp003214315,blast,96.80,iPHoP-RF;56.80
contig_28753,GB_GCA_003214815.1,d__Bacteria;p__Cyanobacteriota;c__Cyanobacteriia;o__PCC-6307;f__Cyanobiaceae;g__Prochlorococcus_A;s__Prochlorococcus_A sp003214815,blast,96.80,None
contig_28753,GB_GCA_003216355.1,d__Bacteria;p__Cyanobacteriota;c__Cyanobacteriia;o__PCC-6307;f__Cyanobiaceae;g__Prochlorococcus_A;s__Prochlorococcus_A sp003216355,blast,96.80,iPHoP-RF;58.20
contig_28753,GB_GCA_003216455.1,d__Bacteria;p__Cyanobacteriota;c__Cyanobacteriia;o__PCC-6307;f__Cyanobiaceae;g__Prochlorococcus_A;s__Prochlorococcus_A sp003216455,blast,96.80,iPHoP-RF;52.00
contig_28753,GB_GCA_003216635.1,d__Bacteria;p__Cyanobacteriota;c__Cyanobacteriia;o__PCC-6307;f__Cyanobiaceae;g__Prochlorococcus_A;s__Prochlorococcus_A sp003216635,blast,96.80,None
contig_28753,GB_GCA_003216915.1,d__Bacteria;p__Cyanobacteriota;c__Cyanobacteriia;o__PCC-6307;f__Cyanobiaceae;g__Prochlorococcus_A;s__Prochlorococcus_A sp003216915,blast,96.80,iPHoP-RF;59.80
contig_28753,GB_GCA_003278045.1,d__Bacteria;p__Cyanobacteriota;c__Cyanobacteriia;o__PCC-6307;f__Cyanobiaceae;g__Prochlorococcus_A;s__Prochlorococcus_A sp003278045,blast,96.80,iPHoP-RF;56.80
contig_28753,GB_GCA_003278535.1,d__Bacteria;p__Cyanobacteriota;c__Cyanobacteriia;o__PCC-6307;f__Cyanobiaceae;g__Prochlorococcus_A;s__Prochlorococcus_A sp003278535,blast,96.80,iPHoP-RF;68.60
contig_28753,GB_GCA_003278685.1,d__Bacteria;p__Cyanobacteriota;c__Cyanobacteriia;o__PCC-6307;f__Cyanobiaceae;g__Prochlorococcus_A;s__Prochlorococcus_A sp003278685,blast,96.80,iPHoP-RF;56.50
contig_28753,GB_GCA_003278705.1,d__Bacteria;p__Cyanobacteriota;c__Cyanobacteriia;o__PCC-6307;f__Cyanobiaceae;g__Prochlorococcus_A;s__Prochlorococcus_A sp003278705,blast,96.80,iPHoP-RF;50.70
contig_28753,GB_GCA_003278845.1,d__Bacteria;p__Cyanobacteriota;c__Cyanobacteriia;o__PCC-6307;f__Cyanobiaceae;g__Prochlorococcus_A;s__Prochlorococcus_A sp003278845,blast,96.80,iPHoP-RF;53.80
contig_28753,GB_GCA_003278895.1,d__Bacteria;p__Cyanobacteriota;c__Cyanobacteriia;o__PCC-6307;f__Cyanobiaceae;g__Prochlorococcus_A;s__Prochlorococcus_A sp003278895,blast,96.80,iPHoP-RF;52.00
contig_28753,GB_GCA_003278925.1,d__Bacteria;p__Cyanobacteriota;c__Cyanobacteriia;o__PCC-6307;f__Cyanobiaceae;g__Prochlorococcus_A;s__Prochlorococcus_A sp003278925,blast,96.80,iPHoP-RF;55.70
contig_28753,GB_GCA_003278955.1,d__Bacteria;p__Cyanobacteriota;c__Cyanobacteriia;o__PCC-6307;f__Cyanobiaceae;g__Prochlorococcus_A;s__Prochlorococcus_A sp003278955,blast,96.80,iPHoP-RF;53.80
contig_28753,GB_GCA_003280515.1,d__Bacteria;p__Cyanobacteriota;c__Cyanobacteriia;o__PCC-6307;f__Cyanobiaceae;g__Prochlorococcus_A;s__Prochlorococcus_A sp003280515,blast,96.80,iPHoP-RF;50.20
contig_28753,GB_GCA_003280885.1,d__Bacteria;p__Cyanobacteriota;c__Cyanobacteriia;o__PCC-6307;f__Cyanobiaceae;g__Prochlorococcus_A;s__Prochlorococcus_A sp003280885,blast,96.80,None
contig_28753,GB_GCA_003280895.1,d__Bacteria;p__Cyanobacteriota;c__Cyanobacteriia;o__PCC-6307;f__Cyanobiaceae;g__Prochlorococcus_A;s__Prochlorococcus_A sp003280895,blast,96.80,iPHoP-RF;53.60
contig_28753,GB_GCA_003280915.1,d__Bacteria;p__Cyanobacteriota;c__Cyanobacteriia;o__PCC-6307;f__Cyanobiaceae;g__Prochlorococcus_A;s__Prochlorococcus_A sp003280915,blast,96.80,iPHoP-RF;53.60
contig_28753,GB_GCA_003280935.1,d__Bacteria;p__Cyanobacteriota;c__Cyanobacteriia;o__PCC-6307;f__Cyanobiaceae;g__Prochlorococcus_A;s__Prochlorococcus_A sp003280935,blast,96.80,None
contig_28753,GB_GCA_003280985.1,d__Bacteria;p__Cyanobacteriota;c__Cyanobacteriia;o__PCC-6307;f__Cyanobiaceae;g__Prochlorococcus_A;s__Prochlorococcus_A sp003280985,blast,96.80,iPHoP-RF;56.50
contig_28753,GB_GCA_003280995.1,d__Bacteria;p__Cyanobacteriota;c__Cyanobacteriia;o__PCC-6307;f__Cyanobiaceae;g__Prochlorococcus_A;s__Prochlorococcus_A sp003280995,blast,96.80,iPHoP-RF;68.00
contig_28753,GB_GCA_003281255.1,d__Bacteria;p__Cyanobacteriota;c__Cyanobacteriia;o__PCC-6307;f__Cyanobiaceae;g__Prochlorococcus_A;s__Prochlorococcus_A sp003281255,blast,96.80,iPHoP-RF;59.20
contig_28753,GB_GCA_003281385.1,d__Bacteria;p__Cyanobacteriota;c__Cyanobacteriia;o__PCC-6307;f__Cyanobiaceae;g__Prochlorococcus_A;s__Prochlorococcus_A sp003281385,blast,96.80,None
contig_28753,GB_GCA_003281405.1,d__Bacteria;p__Cyanobacteriota;c__Cyanobacteriia;o__PCC-6307;f__Cyanobiaceae;g__Prochlorococcus_A;s__Prochlorococcus_A sp003281405,blast,96.80,iPHoP-RF;50.40
contig_28753,GB_GCA_003281605.1,d__Bacteria;p__Cyanobacteriota;c__Cyanobacteriia;o__PCC-6307;f__Cyanobiaceae;g__Prochlorococcus_A;s__Prochlorococcus_A sp003281605,blast,96.80,iPHoP-RF;52.20
contig_28753,GB_GCA_003281635.1,d__Bacteria;p__Cyanobacteriota;c__Cyanobacteriia;o__PCC-6307;f__Cyanobiaceae;g__Prochlorococcus_A;s__Prochlorococcus_A sp003281635,blast,96.80,None
contig_28753,GB_GCA_003281645.1,d__Bacteria;p__Cyanobacteriota;c__Cyanobacteriia;o__PCC-6307;f__Cyanobiaceae;g__Prochlorococcus_A;s__Prochlorococcus_A sp003281645,blast,96.80,iPHoP-RF;53.80
contig_28753,GB_GCA_003281685.1,d__Bacteria;p__Cyanobacteriota;c__Cyanobacteriia;o__PCC-6307;f__Cyanobiaceae;g__Prochlorococcus_A;s__Prochlorococcus_A sp003281685,blast,96.80,iPHoP-RF;59.80
contig_28753,GB_GCA_003281705.1,d__Bacteria;p__Cyanobacteriota;c__Cyanobacteriia;o__PCC-6307;f__Cyanobiaceae;g__Prochlorococcus_A;s__Prochlorococcus_A sp003281705,blast,96.80,iPHoP-RF;57.30
contig_28753,GB_GCA_003281715.1,d__Bacteria;p__Cyanobacteriota;c__Cyanobacteriia;o__PCC-6307;f__Cyanobiaceae;g__Prochlorococcus_A;s__Prochlorococcus_A sp003281715,blast,96.80,iPHoP-RF;56.00
contig_28753,GB_GCA_028140765.1,d__Bacteria;p__Cyanobacteriota;c__Cyanobacteriia;o__PCC-6307;f__Cyanobiaceae;g__Prochlorococcus_A;s__Prochlorococcus_A sp028140765,blast,96.80,iPHoP-RF;52.20
contig_28753,GB_GCA_028141225.1,d__Bacteria;p__Cyanobacteriota;c__Cyanobacteriia;o__PCC-6307;f__Cyanobiaceae;g__Prochlorococcus_A;s__Prochlorococcus_A sp028141225,blast,96.80,iPHoP-RF;60.10
contig_28753,GB_GCA_028408915.1,d__Bacteria;p__Cyanobacteriota;c__Cyanobacteriia;o__PCC-6307;f__Cyanobiaceae;g__Prochlorococcus_A;s__Prochlorococcus_A sp028408915,blast,96.80,iPHoP-RF;53.30
contig_28753,GB_GCA_902520485.1,d__Bacteria;p__Cyanobacteriota;c__Cyanobacteriia;o__PCC-6307;f__Cyanobiaceae;g__Prochlorococcus_A;s__Prochlorococcus_A sp902520485,blast,96.80,None
contig_28753,GB_GCA_902525075.1,d__Bacteria;p__Cyanobacteriota;c__Cyanobacteriia;o__PCC-6307;f__Cyanobiaceae;g__Prochlorococcus_A;s__Prochlorococcus_A sp902525075,blast,96.80,None
contig_28753,GB_GCA_902525585.1,d__Bacteria;p__Cyanobacteriota;c__Cyanobacteriia;o__PCC-6307;f__Cyanobiaceae;g__Prochlorococcus_A;s__Prochlorococcus_A sp902525585,blast,96.80,iPHoP-RF;56.00
contig_28753,GB_GCA_902536545.1,d__Bacteria;p__Cyanobacteriota;c__Cyanobacteriia;o__PCC-6307;f__Cyanobiaceae;g__Prochlorococcus_A;s__Prochlorococcus_A sp902536545,blast,96.80,None
contig_28753,GB_GCA_902536555.1,d__Bacteria;p__Cyanobacteriota;c__Cyanobacteriia;o__PCC-6307;f__Cyanobiaceae;g__Prochlorococcus_A;s__Prochlorococcus_A sp902536555,blast,96.80,iPHoP-RF;50.40
contig_28753,GB_GCA_902536775.1,d__Bacteria;p__Cyanobacteriota;c__Cyanobacteriia;o__PCC-6307;f__Cyanobiaceae;g__Prochlorococcus_A;s__Prochlorococcus_A sp902536775,blast,96.80,iPHoP-RF;54.10
contig_28753,GB_GCA_902539115.1,d__Bacteria;p__Cyanobacteriota;c__Cyanobacteriia;o__PCC-6307;f__Cyanobiaceae;g__Prochlorococcus_A;s__Prochlorococcus_A sp902539115,blast,96.80,iPHoP-RF;57.10
contig_28753,GB_GCA_902544495.1,d__Bacteria;p__Cyanobacteriota;c__Cyanobacteriia;o__PCC-6307;f__Cyanobiaceae;g__Prochlorococcus_A;s__Prochlorococcus_A sp902544495,blast,96.80,iPHoP-RF;53.60
contig_28753,GB_GCA_902558895.1,d__Bacteria;p__Cyanobacteriota;c__Cyanobacteriia;o__PCC-6307;f__Cyanobiaceae;g__Prochlorococcus_A;s__Prochlorococcus_A sp902558895,blast,96.80,iPHoP-RF;54.10
contig_28753,GB_GCA_902571145.1,d__Bacteria;p__Cyanobacteriota;c__Cyanobacteriia;o__PCC-6307;f__Cyanobiaceae;g__Prochlorococcus_A;s__Prochlorococcus_A sp902571145,blast,96.80,iPHoP-RF;57.60
contig_28753,GB_GCA_902572075.1,d__Bacteria;p__Cyanobacteriota;c__Cyanobacteriia;o__PCC-6307;f__Cyanobiaceae;g__Prochlorococcus_A;s__Prochlorococcus_A sp902572075,blast,96.80,iPHoP-RF;59.50
contig_28753,GB_GCA_902572825.1,d__Bacteria;p__Cyanobacteriota;c__Cyanobacteriia;o__PCC-6307;f__Cyanobiaceae;g__Prochlorococcus_A;s__Prochlorococcus_A sp902572825,blast,96.80,iPHoP-RF;58.70
contig_28753,GB_GCA_902578445.1,d__Bacteria;p__Cyanobacteriota;c__Cyanobacteriia;o__PCC-6307;f__Cyanobiaceae;g__Prochlorococcus_A;s__Prochlorococcus_A sp902578445,blast,96.80,iPHoP-RF;50.70
contig_28753,GB_GCA_902590355.1,d__Bacteria;p__Cyanobacteriota;c__Cyanobacteriia;o__PCC-6307;f__Cyanobiaceae;g__Prochlorococcus_A;s__Prochlorococcus_A sp902590355,blast,96.80,iPHoP-RF;54.40
contig_28753,GB_GCA_902594875.1,d__Bacteria;p__Cyanobacteriota;c__Cyanobacteriia;o__PCC-6307;f__Cyanobiaceae;g__Prochlorococcus_A;s__Prochlorococcus_A sp902594875,blast,96.80,iPHoP-RF;57.90
contig_28753,GB_GCA_902606505.1,d__Bacteria;p__Cyanobacteriota;c__Cyanobacteriia;o__PCC-6307;f__Cyanobiaceae;g__Prochlorococcus_A;s__Prochlorococcus_A sp902606505,blast,96.80,iPHoP-RF;59.80
contig_28753,GB_GCA_902611225.1,d__Bacteria;p__Cyanobacteriota;c__Cyanobacteriia;o__PCC-6307;f__Cyanobiaceae;g__Prochlorococcus_A;s__Prochlorococcus_A sp902611225,blast,96.80,iPHoP-RF;57.10
contig_28753,GB_GCA_902612005.1,d__Bacteria;p__Cyanobacteriota;c__Cyanobacteriia;o__PCC-6307;f__Cyanobiaceae;g__Prochlorococcus_A;s__Prochlorococcus_A sp902612005,blast,96.80,None
contig_28753,GB_GCA_902616595.1,d__Bacteria;p__Cyanobacteriota;c__Cyanobacteriia;o__PCC-6307;f__Cyanobiaceae;g__Prochlorococcus_A;s__Prochlorococcus_A sp902616595,blast,96.80,iPHoP-RF;50.20
contig_28753,GB_GCA_902617605.1,d__Bacteria;p__Cyanobacteriota;c__Cyanobacteriia;o__PCC-6307;f__Cyanobiaceae;g__Prochlorococcus_A;s__Prochlorococcus_A sp902617605,blast,96.80,iPHoP-RF;57.60
contig_28753,GB_GCA_902620895.1,d__Bacteria;p__Cyanobacteriota;c__Cyanobacteriia;o__PCC-6307;f__Cyanobiaceae;g__Prochlorococcus_A;s__Prochlorococcus_A sp902620895,blast,96.80,iPHoP-RF;55.20
contig_28753,MGYG000483491,d__Bacteria;p__Cyanobacteriota;c__Cyanobacteriia;o__PCC-6307;f__Cyanobiaceae;g__Prochlorococcus_A;s__,blast,96.80,iPHoP-RF;61.10
contig_28753,RS_GCF_000757845.1,d__Bacteria;p__Cyanobacteriota;c__Cyanobacteriia;o__PCC-6307;f__Cyanobiaceae;g__Prochlorococcus_A;s__Prochlorococcus_A sp000757845,blast,96.80,None
contig_28753,RS_GCF_000760115.1,d__Bacteria;p__Cyanobacteriota;c__Cyanobacteriia;o__PCC-6307;f__Cyanobiaceae;g__Prochlorococcus_A;s__Prochlorococcus_A marinus_D,blast,96.80,iPHoP-RF;55.70
contig_28753,RS_GCF_001180245.1,d__Bacteria;p__Cyanobacteriota;c__Cyanobacteriia;o__PCC-6307;f__Cyanobiaceae;g__Prochlorococcus_A;s__Prochlorococcus_A marinus_F,blast,96.80,iPHoP-RF;56.80
contig_28753,RS_GCF_001180325.1,d__Bacteria;p__Cyanobacteriota;c__Cyanobacteriia;o__PCC-6307;f__Cyanobiaceae;g__Prochlorococcus_A;s__Prochlorococcus_A marinus_R,blast,96.80,iPHoP-RF;53.30
contig_28753,RS_GCF_001989455.1,d__Bacteria;p__Cyanobacteriota;c__Cyanobacteriia;o__PCC-6307;f__Cyanobiaceae;g__Prochlorococcus_A;s__Prochlorococcus_A sp001989455,blast,96.80,None
contig_28753,RS_GCF_017696055.1,d__Bacteria;p__Cyanobacteriota;c__Cyanobacteriia;o__PCC-6307;f__Cyanobiaceae;g__Prochlorococcus_A;s__Prochlorococcus_A marinus_W,blast,96.80,None
contig_28753,RS_GCF_017696085.1,d__Bacteria;p__Cyanobacteriota;c__Cyanobacteriia;o__PCC-6307;f__Cyanobiaceae;g__Prochlorococcus_A;s__Prochlorococcus_A marinus_Z,blast,96.80,iPHoP-RF;56.50
contig_28753,RS_GCF_017696315.1,d__Bacteria;p__Cyanobacteriota;c__Cyanobacteriia;o__PCC-6307;f__Cyanobiaceae;g__Prochlorococcus_A;s__Prochlorococcus_A marinus_AF,blast,96.80,iPHoP-RF;53.80
contig_28753,RS_GCF_902616385.1,d__Bacteria;p__Cyanobacteriota;c__Cyanobacteriia;o__PCC-6307;f__Cyanobiaceae;g__Prochlorococcus_A;s__Prochlorococcus_A sp902616385,blast,96.80,iPHoP-RF;51.70
contig_28753,RS_GCF_902622435.1,d__Bacteria;p__Cyanobacteriota;c__Cyanobacteriia;o__PCC-6307;f__Cyanobiaceae;g__Prochlorococcus_A;s__Prochlorococcus_A sp902622435,blast,96.80,iPHoP-RF;58.20
contig_28753,GB_GCA_002025945.1,d__Bacteria;p__Cyanobacteriota;c__Cyanobacteriia;o__PCC-6307;f__Cyanobiaceae;g__Prochlorococcus_A;s__Prochlorococcus_A sp002025945,blast,96.70,iPHoP-RF;50.40
contig_28753,GB_GCA_002025975.1,d__Bacteria;p__Cyanobacteriota;c__Cyanobacteriia;o__PCC-6307;f__Cyanobiaceae;g__Prochlorococcus_A;s__Prochlorococcus_A sp002025975,blast,96.70,iPHoP-RF;56.00
contig_28753,GB_GCA_003209675.1,d__Bacteria;p__Cyanobacteriota;c__Cyanobacteriia;o__PCC-6307;f__Cyanobiaceae;g__Prochlorococcus_A;s__Prochlorococcus_A sp003209675,blast,96.70,iPHoP-RF;56.00
contig_28753,GB_GCA_003210155.1,d__Bacteria;p__Cyanobacteriota;c__Cyanobacteriia;o__PCC-6307;f__Cyanobiaceae;g__Prochlorococcus_A;s__Prochlorococcus_A sp003210155,blast,96.70,iPHoP-RF;57.10
contig_28753,GB_GCA_003212655.1,d__Bacteria;p__Cyanobacteriota;c__Cyanobacteriia;o__PCC-6307;f__Cyanobiaceae;g__Prochlorococcus_A;s__Prochlorococcus_A sp003212655,blast,96.70,iPHoP-RF;50.40
contig_28753,GB_GCA_003213375.1,d__Bacteria;p__Cyanobacteriota;c__Cyanobacteriia;o__PCC-6307;f__Cyanobiaceae;g__Prochlorococcus_A;s__Prochlorococcus_A sp003213375,blast,96.70,iPHoP-RF;58.40
contig_28753,GB_GCA_003214085.1,d__Bacteria;p__Cyanobacteriota;c__Cyanobacteriia;o__PCC-6307;f__Cyanobiaceae;g__Prochlorococcus_A;s__Prochlorococcus_A sp003214085,blast,96.70,iPHoP-RF;56.00
contig_28753,GB_GCA_003216535.1,d__Bacteria;p__Cyanobacteriota;c__Cyanobacteriia;o__PCC-6307;f__Cyanobiaceae;g__Prochlorococcus_A;s__Prochlorococcus_A sp003216535,blast,96.70,iPHoP-RF;54.10
contig_28753,GB_GCA_003216795.1,d__Bacteria;p__Cyanobacteriota;c__Cyanobacteriia;o__PCC-6307;f__Cyanobiaceae;g__Prochlorococcus_A;s__Prochlorococcus_A sp003216795,blast,96.70,iPHoP-RF;57.10
contig_28753,GB_GCA_003278545.1,d__Bacteria;p__Cyanobacteriota;c__Cyanobacteriia;o__PCC-6307;f__Cyanobiaceae;g__Prochlorococcus_A;s__Prochlorococcus_A sp003278545,blast,96.70,None
contig_28753,GB_GCA_003278855.1,d__Bacteria;p__Cyanobacteriota;c__Cyanobacteriia;o__PCC-6307;f__Cyanobiaceae;g__Prochlorococcus_A;s__Prochlorococcus_A sp003278855,blast,96.70,iPHoP-RF;57.10
contig_28753,GB_GCA_003278875.1,d__Bacteria;p__Cyanobacteriota;c__Cyanobacteriia;o__PCC-6307;f__Cyanobiaceae;g__Prochlorococcus_A;s__Prochlorococcus_A sp003278875,blast,96.70,iPHoP-RF;50.40
contig_28753,GB_GCA_003279015.1,d__Bacteria;p__Cyanobacteriota;c__Cyanobacteriia;o__PCC-6307;f__Cyanobiaceae;g__Prochlorococcus_A;s__Prochlorococcus_A sp003279015,blast,96.70,iPHoP-RF;51.20
contig_28753,GB_GCA_003279105.1,d__Bacteria;p__Cyanobacteriota;c__Cyanobacteriia;o__PCC-6307;f__Cyanobiaceae;g__Prochlorococcus_A;s__Prochlorococcus_A sp003279105,blast,96.70,iPHoP-RF;53.80
contig_28753,GB_GCA_003280655.1,d__Bacteria;p__Cyanobacteriota;c__Cyanobacteriia;o__PCC-6307;f__Cyanobiaceae;g__Prochlorococcus_A;s__Prochlorococcus_A sp003280655,blast,96.70,iPHoP-RF;56.00
contig_28753,GB_GCA_003281225.1,d__Bacteria;p__Cyanobacteriota;c__Cyanobacteriia;o__PCC-6307;f__Cyanobiaceae;g__Prochlorococcus_A;s__Prochlorococcus_A sp003281225,blast,96.70,iPHoP-RF;51.20
contig_28753,GB_GCA_003281335.1,d__Bacteria;p__Cyanobacteriota;c__Cyanobacteriia;o__PCC-6307;f__Cyanobiaceae;g__Prochlorococcus_A;s__Prochlorococcus_A sp003281335,blast,96.70,iPHoP-RF;59.20
contig_28753,GB_GCA_003281525.1,d__Bacteria;p__Cyanobacteriota;c__Cyanobacteriia;o__PCC-6307;f__Cyanobiaceae;g__Prochlorococcus_A;s__Prochlorococcus_A sp003281525,blast,96.70,iPHoP-RF;54.60
contig_28753,GB_GCA_902518475.1,d__Bacteria;p__Cyanobacteriota;c__Cyanobacteriia;o__PCC-6307;f__Cyanobiaceae;g__Prochlorococcus_A;s__Prochlorococcus_A sp902518475,blast,96.70,iPHoP-RF;54.10
contig_28753,GB_GCA_902521995.1,d__Bacteria;p__Cyanobacteriota;c__Cyanobacteriia;o__PCC-6307;f__Cyanobiaceae;g__Prochlorococcus_A;s__Prochlorococcus_A sp902521995,blast,96.70,iPHoP-RF;52.20
contig_28753,GB_GCA_902535185.1,d__Bacteria;p__Cyanobacteriota;c__Cyanobacteriia;o__PCC-6307;f__Cyanobiaceae;g__Prochlorococcus_A;s__Prochlorococcus_A sp902535185,blast,96.70,iPHoP-RF;60.90
contig_28753,GB_GCA_902536065.1,d__Bacteria;p__Cyanobacteriota;c__Cyanobacteriia;o__PCC-6307;f__Cyanobiaceae;g__Prochlorococcus_A;s__Prochlorococcus_A sp902536065,blast,96.70,None
contig_28753,GB_GCA_902537275.1,d__Bacteria;p__Cyanobacteriota;c__Cyanobacteriia;o__PCC-6307;f__Cyanobiaceae;g__Prochlorococcus_A;s__Prochlorococcus_A sp902537275,blast,96.70,iPHoP-RF;56.00
contig_28753,GB_GCA_902538225.1,d__Bacteria;p__Cyanobacteriota;c__Cyanobacteriia;o__PCC-6307;f__Cyanobiaceae;g__Prochlorococcus_A;s__Prochlorococcus_A sp902538225,blast,96.70,iPHoP-RF;58.40
contig_28753,GB_GCA_902538695.1,d__Bacteria;p__Cyanobacteriota;c__Cyanobacteriia;o__PCC-6307;f__Cyanobiaceae;g__Prochlorococcus_A;s__Prochlorococcus_A sp902538695,blast,96.70,iPHoP-RF;59.50
contig_28753,GB_GCA_902565305.1,d__Bacteria;p__Cyanobacteriota;c__Cyanobacteriia;o__PCC-6307;f__Cyanobiaceae;g__Prochlorococcus_A;s__Prochlorococcus_A sp902565305,blast,96.70,None
contig_28753,GB_GCA_902574955.1,d__Bacteria;p__Cyanobacteriota;c__Cyanobacteriia;o__PCC-6307;f__Cyanobiaceae;g__Prochlorococcus_A;s__Prochlorococcus_A sp902574955,blast,96.70,None
contig_28753,GB_GCA_902591865.1,d__Bacteria;p__Cyanobacteriota;c__Cyanobacteriia;o__PCC-6307;f__Cyanobiaceae;g__Prochlorococcus_A;s__Prochlorococcus_A sp902591865,blast,96.70,iPHoP-RF;50.90
contig_28753,GB_GCA_902595175.1,d__Bacteria;p__Cyanobacteriota;c__Cyanobacteriia;o__PCC-6307;f__Cyanobiaceae;g__Prochlorococcus_A;s__Prochlorococcus_A sp902595175,blast,96.70,iPHoP-RF;57.60
contig_28753,GB_GCA_902621675.1,d__Bacteria;p__Cyanobacteriota;c__Cyanobacteriia;o__PCC-6307;f__Cyanobiaceae;g__Prochlorococcus_A;s__Prochlorococcus_A sp902621675,blast,96.70,iPHoP-RF;51.20
contig_28753,RS_GCF_000015645.1,d__Bacteria;p__Cyanobacteriota;c__Cyanobacteriia;o__PCC-6307;f__Cyanobiaceae;g__Prochlorococcus_A;s__Prochlorococcus_A marinus_O,blast,96.70,iPHoP-RF;51.20
contig_28753,RS_GCF_000015965.1,d__Bacteria;p__Cyanobacteriota;c__Cyanobacteriia;o__PCC-6307;f__Cyanobiaceae;g__Prochlorococcus_A;s__Prochlorococcus_A marinus_E,blast,96.70,iPHoP-RF;51.70
contig_28753,RS_GCF_017696275.1,d__Bacteria;p__Cyanobacteriota;c__Cyanobacteriia;o__PCC-6307;f__Cyanobiaceae;g__Prochlorococcus_A;s__Prochlorococcus_A marinus_AB,blast,96.70,iPHoP-RF;51.50
contig_28753,GB_GCA_003209375.1,d__Bacteria;p__Cyanobacteriota;c__Cyanobacteriia;o__PCC-6307;f__Cyanobiaceae;g__Prochlorococcus_A;s__Prochlorococcus_A sp003209375,blast,96.60,iPHoP-RF;50.90
contig_28753,GB_GCA_003279055.1,d__Bacteria;p__Cyanobacteriota;c__Cyanobacteriia;o__PCC-6307;f__Cyanobiaceae;g__Prochlorococcus_A;s__Prochlorococcus_A sp003279055,blast,96.60,iPHoP-RF;53.30
contig_28753,GB_GCA_003281165.1,d__Bacteria;p__Cyanobacteriota;c__Cyanobacteriia;o__PCC-6307;f__Cyanobiaceae;g__Prochlorococcus_A;s__Prochlorococcus_A sp003281165,blast,96.60,iPHoP-RF;53.30
contig_28753,GB_GCA_003281415.1,d__Bacteria;p__Cyanobacteriota;c__Cyanobacteriia;o__PCC-6307;f__Cyanobiaceae;g__Prochlorococcus_A;s__Prochlorococcus_A sp003281415,blast,96.60,None
contig_28753,GB_GCA_003281455.1,d__Bacteria;p__Cyanobacteriota;c__Cyanobacteriia;o__PCC-6307;f__Cyanobiaceae;g__Prochlorococcus_A;s__Prochlorococcus_A sp003281455,blast,96.60,iPHoP-RF;50.90
contig_28753,GB_GCA_902536455.1,d__Bacteria;p__Cyanobacteriota;c__Cyanobacteriia;o__PCC-6307;f__Cyanobiaceae;g__Prochlorococcus_A;s__Prochlorococcus_A sp902536455,blast,96.60,iPHoP-RF;57.90
contig_28753,GB_GCA_902583265.1,d__Bacteria;p__Cyanobacteriota;c__Cyanobacteriia;o__PCC-6307;f__Cyanobiaceae;g__Prochlorococcus_A;s__Prochlorococcus_A sp902583265,blast,96.60,iPHoP-RF;50.90
contig_28753,RS_GCF_000018065.1,d__Bacteria;p__Cyanobacteriota;c__Cyanobacteriia;o__PCC-6307;f__Cyanobiaceae;g__Prochlorococcus_A;s__Prochlorococcus_A marinus_A,blast,96.60,None
contig_28753,RS_GCF_017695975.1,d__Bacteria;p__Cyanobacteriota;c__Cyanobacteriia;o__PCC-6307;f__Cyanobiaceae;g__Prochlorococcus_A;s__Prochlorococcus_A marinus_AG,blast,96.60,None
contig_28753,RS_GCF_902536725.1,d__Bacteria;p__Cyanobacteriota;c__Cyanobacteriia;o__PCC-6307;f__Cyanobiaceae;g__Prochlorococcus_A;s__Prochlorococcus_A sp902536725,blast,96.60,iPHoP-RF;61.70
contig_28753,GB_GCA_003210135.1,d__Bacteria;p__Cyanobacteriota;c__Cyanobacteriia;o__PCC-6307;f__Cyanobiaceae;g__Prochlorococcus_A;s__Prochlorococcus_A sp003210135,blast,96.50,None
contig_28753,GB_GCA_003212615.1,d__Bacteria;p__Cyanobacteriota;c__Cyanobacteriia;o__PCC-6307;f__Cyanobiaceae;g__Prochlorococcus_A;s__Prochlorococcus_A sp003212615,blast,96.50,None
contig_28753,RS_GCF_017696075.1,d__Bacteria;p__Cyanobacteriota;c__Cyanobacteriia;o__PCC-6307;f__Cyanobiaceae;g__Prochlorococcus_A;s__Prochlorococcus_A marinus_V,blast,96.50,None
contig_28753,GB_GCA_003216415.1,d__Bacteria;p__Cyanobacteriota;c__Cyanobacteriia;o__PCC-6307;f__Cyanobiaceae;g__Prochlorococcus_A;s__Prochlorococcus_A sp003216415,blast,96.40,None
contig_28753,GB_GCA_003279115.1,d__Bacteria;p__Cyanobacteriota;c__Cyanobacteriia;o__PCC-6307;f__Cyanobiaceae;g__Prochlorococcus_A;s__Prochlorococcus_A sp003279115,blast,96.40,None
contig_28753,GB_GCA_902573565.1,d__Bacteria;p__Cyanobacteriota;c__Cyanobacteriia;o__PCC-6307;f__Cyanobiaceae;g__Prochlorococcus_A;s__Prochlorococcus_A sp902573565,blast,96.40,None
contig_28753,GB_GCA_902574405.1,d__Bacteria;p__Cyanobacteriota;c__Cyanobacteriia;o__PCC-6307;f__Cyanobiaceae;g__Prochlorococcus_A;s__Prochlorococcus_A sp902574405,blast,96.40,None
contig_28753,RS_GCF_017696175.1,d__Bacteria;p__Cyanobacteriota;c__Cyanobacteriia;o__PCC-6307;f__Cyanobiaceae;g__Prochlorococcus_A;s__Prochlorococcus_A marinus_X,blast,96.40,None
contig_28753,GB_GCA_003214215.1,d__Bacteria;p__Cyanobacteriota;c__Cyanobacteriia;o__PCC-6307;f__Cyanobiaceae;g__Prochlorococcus_A;s__Prochlorococcus_A sp003214215,blast,96.30,iPHoP-RF;59.00
contig_28753,GB_GCA_003279535.1,d__Bacteria;p__Cyanobacteriota;c__Cyanobacteriia;o__PCC-6307;f__Cyanobiaceae;g__Prochlorococcus_A;s__Prochlorococcus_A sp003279535,blast,96.30,iPHoP-RF;51.20
contig_28753,GB_GCA_003281125.1,d__Bacteria;p__Cyanobacteriota;c__Cyanobacteriia;o__PCC-6307;f__Cyanobiaceae;g__Prochlorococcus_A;s__Prochlorococcus_A sp003281125,blast,96.30,None
contig_28753,GB_GCA_003281285.1,d__Bacteria;p__Cyanobacteriota;c__Cyanobacteriia;o__PCC-6307;f__Cyanobiaceae;g__Prochlorococcus_A;s__Prochlorococcus_A sp003281285,blast,96.30,None
contig_28753,GB_GCA_003281585.1,d__Bacteria;p__Cyanobacteriota;c__Cyanobacteriia;o__PCC-6307;f__Cyanobiaceae;g__Prochlorococcus_A;s__Prochlorococcus_A sp003281585,blast,96.30,None
contig_28753,GB_GCA_902534675.1,d__Bacteria;p__Cyanobacteriota;c__Cyanobacteriia;o__PCC-6307;f__Cyanobiaceae;g__Prochlorococcus_A;s__Prochlorococcus_A sp902534675,blast,96.30,None
contig_28753,GB_GCA_902572675.1,d__Bacteria;p__Cyanobacteriota;c__Cyanobacteriia;o__PCC-6307;f__Cyanobiaceae;g__Prochlorococcus_A;s__Prochlorococcus_A sp902572675,blast,96.30,iPHoP-RF;71.10
contig_28753,GB_GCA_902576415.1,d__Bacteria;p__Cyanobacteriota;c__Cyanobacteriia;o__PCC-6307;f__Cyanobiaceae;g__Prochlorococcus_A;s__Prochlorococcus_A sp902576415,blast,96.30,None
contig_28753,RS_GCF_000760095.1,d__Bacteria;p__Cyanobacteriota;c__Cyanobacteriia;o__PCC-6307;f__Cyanobiaceae;g__Prochlorococcus_A;s__Prochlorococcus_A marinus_I,blast,96.30,None
contig_28753,RS_GCF_017696015.1,d__Bacteria;p__Cyanobacteriota;c__Cyanobacteriia;o__PCC-6307;f__Cyanobiaceae;g__Prochlorococcus_A;s__Prochlorococcus_A marinus_AE,blast,96.30,None
contig_28753,GB_GCA_001180265.1,d__Bacteria;p__Cyanobacteriota;c__Cyanobacteriia;o__PCC-6307;f__Cyanobiaceae;g__Prochlorococcus_A;s__Prochlorococcus_A marinus_H,blast,96.20,None
contig_28753,GB_GCA_003209565.1,d__Bacteria;p__Cyanobacteriota;c__Cyanobacteriia;o__PCC-6307;f__Cyanobiaceae;g__Prochlorococcus_A;s__Prochlorococcus_A sp003209565,blast,96.20,None
contig_28753,GB_GCA_003280575.1,d__Bacteria;p__Cyanobacteriota;c__Cyanobacteriia;o__PCC-6307;f__Cyanobiaceae;g__Prochlorococcus_A;s__Prochlorococcus_A sp003280575,blast,96.20,None
contig_28753,GB_GCA_017644425.1,d__Bacteria;p__Cyanobacteriota;c__Cyanobacteriia;o__PCC-6307;f__Cyanobiaceae;g__Prochlorococcus_A;s__Prochlorococcus_A marinus_U,blast,96.20,None
contig_28753,GB_GCA_902600475.1,d__Bacteria;p__Cyanobacteriota;c__Cyanobacteriia;o__PCC-6307;f__Cyanobiaceae;g__Prochlorococcus_A;s__Prochlorococcus_A sp902600475,blast,96.20,iPHoP-RF;55.40
contig_28753,GB_GCA_902622705.1,d__Bacteria;p__Cyanobacteriota;c__Cyanobacteriia;o__PCC-6307;f__Cyanobiaceae;g__Prochlorococcus_A;s__Prochlorococcus_A sp902622705,blast,96.20,None
contig_28753,RS_GCF_000759955.1,d__Bacteria;p__Cyanobacteriota;c__Cyanobacteriia;o__PCC-6307;f__Cyanobiaceae;g__Prochlorococcus_A;s__Prochlorococcus_A marinus_G,blast,96.20,None
contig_28753,RS_GCF_017695955.1,d__Bacteria;p__Cyanobacteriota;c__Cyanobacteriia;o__PCC-6307;f__Cyanobiaceae;g__Prochlorococcus_A;s__Prochlorococcus_A marinus_AD,blast,96.20,iPHoP-RF;59.20
contig_28753,GB_GCA_003209425.1,d__Bacteria;p__Cyanobacteriota;c__Cyanobacteriia;o__PCC-6307;f__Cyanobiaceae;g__Prochlorococcus_A;s__Prochlorococcus_A sp003209425,blast,96.10,iPHoP-RF;58.20
contig_28753,GB_GCA_003216615.1,d__Bacteria;p__Cyanobacteriota;c__Cyanobacteriia;o__PCC-6307;f__Cyanobiaceae;g__Prochlorococcus_A;s__Prochlorococcus_A sp003216615,blast,96.10,iPHoP-RF;50.90
contig_28753,GB_GCA_902538515.1,d__Bacteria;p__Cyanobacteriota;c__Cyanobacteriia;o__PCC-6307;f__Cyanobiaceae;g__Prochlorococcus_A;s__Prochlorococcus_A sp902538515,blast,96.00,None
contig_28753,GB_GCA_003214295.1,d__Bacteria;p__Cyanobacteriota;c__Cyanobacteriia;o__PCC-6307;f__Cyanobiaceae;g__Prochlorococcus_A;s__Prochlorococcus_A sp003214295,blast,95.90,iPHoP-RF;53.80
contig_28753,GB_GCA_003281185.1,d__Bacteria;p__Cyanobacteriota;c__Cyanobacteriia;o__PCC-6307;f__Cyanobiaceae;g__Prochlorococcus_A;s__Prochlorococcus_A sp003281185,blast,95.90,iPHoP-RF;55.40
contig_28753,RS_GCF_000759885.1,d__Bacteria;p__Cyanobacteriota;c__Cyanobacteriia;o__PCC-6307;f__Cyanobiaceae;g__Prochlorococcus_A;s__Prochlorococcus_A marinus_J,blast,95.90,iPHoP-RF;55.40
contig_28753,RS_GCF_034093315.1,d__Bacteria;p__Cyanobacteriota;c__Cyanobacteriia;o__PCC-6307;f__Cyanobiaceae;g__Prochlorococcus_A;s__Prochlorococcus_A marinus_Y,blast,95.90,iPHoP-RF;60.10
contig_28753,GB_GCA_003280725.1,d__Bacteria;p__Cyanobacteriota;c__Cyanobacteriia;o__PCC-6307;f__Cyanobiaceae;g__Prochlorococcus_A;s__Prochlorococcus_A sp003280725,blast,95.80,iPHoP-RF;53.30
contig_28753,GB_GCA_902626435.1,d__Bacteria;p__Cyanobacteriota;c__Cyanobacteriia;o__PCC-6307;f__Cyanobiaceae;g__Prochlorococcus_A;s__Prochlorococcus_A sp902626435,blast,95.60,None
contig_28753,RS_GCF_017696205.1,d__Bacteria;p__Cyanobacteriota;c__Cyanobacteriia;o__PCC-6307;f__Cyanobiaceae;g__Prochlorococcus_A;s__Prochlorococcus_A marinus_AC,blast,95.30,iPHoP-RF;53.60
contig_28753,GB_GCA_017644375.1,d__Bacteria;p__Cyanobacteriota;c__Cyanobacteriia;o__PCC-6307;f__Cyanobiaceae;g__Prochlorococcus_A;s__Prochlorococcus_A marinus_AH,blast,94.90,None
contig_28753,GB_GCA_003214235.1,d__Bacteria;p__Cyanobacteriota;c__Cyanobacteriia;o__PCC-6307;f__Cyanobiaceae;g__Prochlorococcus_A;s__Prochlorococcus_A sp003214235,blast,94.80,iPHoP-RF;53.60
contig_28753,GB_GCA_000634515.1,d__Bacteria;p__Cyanobacteriota;c__Cyanobacteriia;o__PCC-6307;f__Cyanobiaceae;g__Prochlorococcus_A;s__Prochlorococcus_A sp000634515,blast,94.30,None
contig_28753,GB_GCA_902542595.1,d__Bacteria;p__Cyanobacteriota;c__Cyanobacteriia;o__PCC-6307;f__Cyanobiaceae;g__Prochlorococcus_A;s__Prochlorococcus_A sp902542595,blast,93.90,iPHoP-RF;50.90
contig_28753,GB_GCA_003281485.1,d__Bacteria;p__Cyanobacteriota;c__Cyanobacteriia;o__PCC-6307;f__Cyanobiaceae;g__Prochlorococcus_A;s__Prochlorococcus_A sp003281485,blast,93.60,None
contig_28753,GB_GCA_902618335.1,d__Bacteria;p__Cyanobacteriota;c__Cyanobacteriia;o__PCC-6307;f__Cyanobiaceae;g__Prochlorococcus_A;s__Prochlorococcus_A sp902618335,blast,93.30,iPHoP-RF;50.90
contig_28753,GB_GCA_017644325.1,d__Bacteria;p__Cyanobacteriota;c__Cyanobacteriia;o__PCC-6307;f__Cyanobiaceae;g__Prochlorococcus_A;s__Prochlorococcus_A marinus_AA,blast,93.00,iPHoP-RF;53.30
contig_28753,GB_GCA_902596585.1,d__Bacteria;p__Cyanobacteriota;c__Cyanobacteriia;o__PCC-6307;f__Cyanobiaceae;g__Prochlorococcus_A;s__Prochlorococcus_A sp902596585,blast,92.90,iPHoP-RF;53.30
contig_28753,RS_GCF_000012645.1,d__Bacteria;p__Cyanobacteriota;c__Cyanobacteriia;o__PCC-6307;f__Cyanobiaceae;g__Prochlorococcus_A;s__Prochlorococcus_A marinus_L,blast,92.90,iPHoP-RF;53.30
contig_28753,RS_GCF_000759855.1,d__Bacteria;p__Cyanobacteriota;c__Cyanobacteriia;o__PCC-6307;f__Cyanobiaceae;g__Prochlorococcus_A;s__Prochlorococcus_A marinus_N,blast,91.30,None
contig_28753,GB_GCA_000634115.1,d__Bacteria;p__Cyanobacteriota;c__Cyanobacteriia;o__PCC-6307;f__Cyanobiaceae;g__Prochlorococcus_A;s__Prochlorococcus_A sp000634115,blast,91.00,None
contig_28753,GB_GCA_003279945.1,d__Bacteria;p__Cyanobacteriota;c__Cyanobacteriia;o__PCC-6307;f__Cyanobiaceae;g__Prochlorococcus_A;s__Prochlorococcus_A sp003279945,blast,91.00,iPHoP-RF;52.20
contig_28753,GB_GCA_902535025.1,d__Bacteria;p__Cyanobacteriota;c__Cyanobacteriia;o__PCC-6307;f__Cyanobiaceae;g__Prochlorococcus_A;s__Prochlorococcus_A sp902535025,blast,90.80,None
contig_28753,GB_GCA_003281365.1,d__Bacteria;p__Cyanobacteriota;c__Cyanobacteriia;o__PCC-6307;f__Cyanobiaceae;g__Prochlorococcus_A;s__Prochlorococcus_A sp003281365,blast,90.70,None
contig_28753,RS_GCF_902626525.1,d__Bacteria;p__Cyanobacteriota;c__Cyanobacteriia;o__PCC-6307;f__Cyanobiaceae;g__Prochlorococcus_A;s__Prochlorococcus_A sp902626525,blast,90.20,None
contig_28753,GB_GCA_003216775.1,d__Bacteria;p__Cyanobacteriota;c__Cyanobacteriia;o__PCC-6307;f__Cyanobiaceae;g__Prochlorococcus_A;s__Prochlorococcus_A sp003216775,blast,90.00,None
contig_28758,GB_GCA_951813535.1,d__Bacteria;p__Chloroflexota;c__Dehalococcoidia;o__UBA3495;f__UBA3495;g__Bin87;s__Bin87 sp951813535,blast,93.70,iPHoP-RF;76.40
contig_28758,GB_GCA_963666865.1,d__Bacteria;p__Chloroflexota;c__Dehalococcoidia;o__UBA3495;f__UBA3495;g__Bin87;s__Bin87 sp963666865,blast,92.00,iPHoP-RF;82.80
contig_28758,GB_GCA_034421995.1,d__Bacteria;p__Chloroflexota;c__Dehalococcoidia;o__UBA3495;f__UBA3495;g__Bin87;s__Bin87 sp034421995,blast,91.60,iPHoP-RF;90.50
contig_28758,GB_GCA_021295965.1,d__Bacteria;p__Chloroflexota;c__Dehalococcoidia;o__UBA3495;f__UBA3495;g__Bin87;s__Bin87 sp021295965,blast,91.20,iPHoP-RF;77.80
contig_28758,GB_GCA_022827095.1,d__Bacteria;p__Chloroflexota;c__Dehalococcoidia;o__UBA3495;f__UBA3495;g__Bin87;s__Bin87 sp022827095,blast,90.50,iPHoP-RF;63.50
contig_28758,GB_GCA_028873965.1,d__Bacteria;p__Chloroflexota;c__Dehalococcoidia;o__UBA3495;f__UBA3495;g__Bin87;s__Bin87 sp028873965,blast,90.50,iPHoP-RF;67.30
contig_28758,GB_GCA_963665395.1,d__Bacteria;p__Chloroflexota;c__Dehalococcoidia;o__UBA3495;f__UBA3495;g__Bin87;s__Bin87 sp963665395,blast,90.20,iPHoP-RF;69.30
contig_28848,GB_GCA_028824575.1,d__Bacteria;p__Poribacteria;c__WGA-4E;o__WGA-4E;f__WGA-3G;g__WGA-3G;s__WGA-3G sp028824575,iPHoP-RF,95.40,None
contig_28848,GB_GCA_009835515.1,d__Bacteria;p__Poribacteria;c__WGA-4E;o__WGA-4E;f__WGA-3G;g__WGA-3G;s__WGA-3G sp009835515,iPHoP-RF,95.10,None
contig_28848,GB_GCA_009845545.1,d__Bacteria;p__Poribacteria;c__WGA-4E;o__WGA-4E;f__WGA-3G;g__WGA-3G;s__WGA-3G sp009845545,iPHoP-RF,95.10,None
contig_28848,GB_GCA_003635255.1,d__Bacteria;p__Poribacteria;c__WGA-4E;o__WGA-4E;f__WGA-3G;g__WGA-3G;s__WGA-3G sp003635255,iPHoP-RF,94.70,None
contig_28848,GB_GCA_009843785.1,d__Bacteria;p__Poribacteria;c__WGA-4E;o__WGA-4E;f__WGA-3G;g__WGA-3G;s__WGA-3G sp009843785,iPHoP-RF,94.70,None
contig_28848,GB_GCA_022394775.1,d__Bacteria;p__Poribacteria;c__WGA-4E;o__WGA-4E;f__WGA-3G;g__WGA-3G;s__WGA-3G sp022394775,iPHoP-RF,94.70,None
contig_28848,GB_GCA_022821495.1,d__Bacteria;p__Poribacteria;c__WGA-4E;o__WGA-4E;f__WGA-3G;g__WGA-3G;s__WGA-3G sp022821495,iPHoP-RF,94.70,None
contig_28848,GB_GCA_963664215.1,d__Bacteria;p__Poribacteria;c__WGA-4E;o__WGA-4E;f__WGA-3G;g__WGA-3G;s__WGA-3G sp963664215,blast,93.10,iPHoP-RF;85.40
contig_28848,GB_GCA_951828385.1,d__Bacteria;p__Poribacteria;c__WGA-4E;o__WGA-4E;f__WGA-3G;g__WGA-3G;s__WGA-3G sp951828385,iPHoP-RF,92.40,None
contig_28848,GB_GCA_012270875.1,d__Bacteria;p__Poribacteria;c__WGA-4E;o__WGA-4E;f__WGA-3G;g__WGA-3G;s__WGA-3G sp012270875,iPHoP-RF,92.10,None
contig_28848,GB_GCA_022819945.1,d__Bacteria;p__Poribacteria;c__WGA-4E;o__WGA-4E;f__WGA-3G;g__WGA-3G;s__WGA-3G sp022819945,iPHoP-RF,92.10,None
contig_28848,GB_GCA_022827185.1,d__Bacteria;p__Poribacteria;c__WGA-4E;o__WGA-4E;f__WGA-3G;g__WGA-3G;s__WGA-3G sp022827185,iPHoP-RF,92.10,None
contig_28848,GB_GCA_963668035.1,d__Bacteria;p__Poribacteria;c__WGA-4E;o__WGA-4E;f__WGA-3G;g__WGA-3G;s__WGA-3G sp963668035,iPHoP-RF,92.10,None
contig_29077,GB_GCA_035264705.1,d__Archaea;p__Thermoproteota;c__Nitrososphaeria;o__Nitrososphaerales;f__Nitrososphaeraceae;g__JAJNBK01;s__JAJNBK01 sp035264705,iPHoP-RF,95.70,None
contig_29077,3300005289_23,d__Archaea;p__Thermoproteota;c__Nitrososphaeria;o__Nitrososphaerales;f__Nitrososphaeraceae;g__JAJNBK01;s__,iPHoP-RF,95.40,None
contig_29077,3300060887_32,d__Archaea;p__Thermoproteota;c__Nitrososphaeria;o__Nitrososphaerales;f__Nitrososphaeraceae;g__JAJNBK01;s__,iPHoP-RF,93.10,None
contig_29108,GB_GCA_022822005.1,d__Bacteria;p__Poribacteria;c__WGA-4E;o__WGA-4E;f__PCPOR2b;g__PCPOR2b;s__PCPOR2b sp022822005,blast,92.00,iPHoP-RF;61.90
contig_29481,GB_GCA_963667805.1,d__Bacteria;p__Poribacteria;c__WGA-4E;o__WGA-4E;f__WGA-3G;g__WGA-3G;s__WGA-3G sp963667805,blast,93.70,iPHoP-RF;50.40
contig_29481,GB_GCA_003635195.1,d__Bacteria;p__Poribacteria;c__WGA-4E;o__WGA-4E;f__WGA-3G;g__WGA-3G;s__WGA-3G sp003635195,blast,92.10,None
contig_29481,GB_GCA_009841255.1,d__Bacteria;p__Poribacteria;c__WGA-4E;o__WGA-4E;f__WGA-3G;g__WGA-3G;s__WGA-3G sp009841255,blast,92.10,iPHoP-RF;58.20
contig_29481,GB_GCA_009845545.1,d__Bacteria;p__Poribacteria;c__WGA-4E;o__WGA-4E;f__WGA-3G;g__WGA-3G;s__WGA-3G sp009845545,blast,92.00,iPHoP-RF;63.30
contig_29481,GB_GCA_022827225.1,d__Bacteria;p__Poribacteria;c__WGA-4E;o__WGA-4E;f__WGA-3G;g__WGA-3G;s__WGA-3G sp022827225,blast,92.00,None
contig_29481,GB_GCA_028824575.1,d__Bacteria;p__Poribacteria;c__WGA-4E;o__WGA-4E;f__WGA-3G;g__WGA-3G;s__WGA-3G sp028824575,blast,91.90,None
contig_29481,GB_GCA_951828385.1,d__Bacteria;p__Poribacteria;c__WGA-4E;o__WGA-4E;f__WGA-3G;g__WGA-3G;s__WGA-3G sp951828385,blast,91.90,iPHoP-RF;52.80
contig_29481,GB_GCA_009839745.1,d__Bacteria;p__Poribacteria;c__WGA-4E;o__WGA-4E;f__WGA-3G;g__WGA-3G;s__WGA-3G sp009839745,blast,91.10,None
contig_29481,GB_GCA_022821725.1,d__Bacteria;p__Poribacteria;c__WGA-4E;o__WGA-4E;f__WGA-3G;g__WGA-3G;s__WGA-3G sp022821725,blast,91.10,None
contig_29481,GB_GCA_022827885.1,d__Bacteria;p__Poribacteria;c__WGA-4E;o__WGA-4E;f__WGA-3G;g__WGA-3G;s__WGA-3G sp022827885,blast,91.10,None
contig_29481,GB_GCA_022821065.1,d__Bacteria;p__Poribacteria;c__WGA-4E;o__WGA-4E;f__WGA-3G;g__WGA-3G;s__WGA-3G sp022821065,blast,90.40,None
contig_29852,GB_GCA_963664625.1,d__Bacteria;p__Chloroflexota;c__Dehalococcoidia;o__UBA3495;f__UBA3495;g__UBA11650;s__UBA11650 sp963664625,blast,91.10,None
contig_29852,GB_GCA_958296445.1,d__Bacteria;p__Chloroflexota;c__Dehalococcoidia;o__UBA3495;f__UBA3495;g__VXOI01;s__VXOI01 sp958296445,blast,90.90,iPHoP-RF;51.70
contig_30130,GB_GCA_022821065.1,d__Bacteria;p__Poribacteria;c__WGA-4E;o__WGA-4E;f__WGA-3G;g__WGA-3G;s__WGA-3G sp022821065,blast,92.70,iPHoP-RF;73.70
contig_30130,GB_GCA_022825825.1,d__Bacteria;p__Poribacteria;c__WGA-4E;o__WGA-4E;f__WGA-3G;g__MSPOR6;s__MSPOR6 sp022825825,blast,90.00,iPHoP-RF;67.30
contig_30468,GB_GCA_022827095.1,d__Bacteria;p__Chloroflexota;c__Dehalococcoidia;o__UBA3495;f__UBA3495;g__Bin87;s__Bin87 sp022827095,iPHoP-RF,94.40,blast;92.00
contig_30468,GB_GCA_034420475.1,d__Bacteria;p__Chloroflexota;c__Dehalococcoidia;o__UBA3495;f__UBA3495;g__Bin87;s__Bin87 sp034420475,blast,93.50,iPHoP-RF;89.50
contig_30468,GB_GCA_028875655.1,d__Bacteria;p__Chloroflexota;c__Dehalococcoidia;o__UBA3495;f__UBA3495;g__Bin87;s__Bin87 sp028875655,blast,91.00,iPHoP-RF;73.70
contig_30468,GB_GCA_963663945.1,d__Bacteria;p__Chloroflexota;c__Dehalococcoidia;o__UBA3495;f__UBA3495;g__Bin87;s__Bin87 sp963663945,blast,91.00,iPHoP-RF;88.20
contig_30468,GB_GCA_021295965.1,d__Bacteria;p__Chloroflexota;c__Dehalococcoidia;o__UBA3495;f__UBA3495;g__Bin87;s__Bin87 sp021295965,blast,90.90,iPHoP-RF;90.10
contig_30468,GB_GCA_034423595.1,d__Bacteria;p__Chloroflexota;c__Dehalococcoidia;o__UBA3495;f__UBA3495;g__Bin87;s__Bin87 sp034423595,blast,90.90,iPHoP-RF;67.00
contig_30468,GB_GCA_022825745.1,d__Bacteria;p__Chloroflexota;c__Dehalococcoidia;o__UBA3495;f__UBA3495;g__Bin87;s__Bin87 sp022825745,blast,90.80,iPHoP-RF;76.80
contig_30468,GB_GCA_963692995.1,d__Bacteria;p__Chloroflexota;c__Dehalococcoidia;o__UBA3495;f__UBA3495;g__Bin87;s__Bin87 sp963692995,iPHoP-RF,90.80,blast;89.70
contig_30468,GB_GCA_028873965.1,d__Bacteria;p__Chloroflexota;c__Dehalococcoidia;o__UBA3495;f__UBA3495;g__Bin87;s__Bin87 sp028873965,blast,90.70,iPHoP-RF;87.30
contig_30468,GB_GCA_951813535.1,d__Bacteria;p__Chloroflexota;c__Dehalococcoidia;o__UBA3495;f__UBA3495;g__Bin87;s__Bin87 sp951813535,blast,90.50,iPHoP-RF;85.40
contig_30468,GB_GCA_034423575.1,d__Bacteria;p__Chloroflexota;c__Dehalococcoidia;o__UBA3495;f__UBA3495;g__Bin87;s__Bin87 sp034423575,blast,90.20,iPHoP-RF;84.20
contig_30583,GB_GCA_902520485.1,d__Bacteria;p__Cyanobacteriota;c__Cyanobacteriia;o__PCC-6307;f__Cyanobiaceae;g__Prochlorococcus_A;s__Prochlorococcus_A sp902520485,blast,94.80,None
contig_30583,GB_GCA_003214315.1,d__Bacteria;p__Cyanobacteriota;c__Cyanobacteriia;o__PCC-6307;f__Cyanobiaceae;g__Prochlorococcus_A;s__Prochlorococcus_A sp003214315,blast,93.80,None
contig_30583,GB_GCA_902590355.1,d__Bacteria;p__Cyanobacteriota;c__Cyanobacteriia;o__PCC-6307;f__Cyanobiaceae;g__Prochlorococcus_A;s__Prochlorococcus_A sp902590355,blast,93.70,None
contig_30583,GB_GCA_001180285.1,d__Bacteria;p__Cyanobacteriota;c__Cyanobacteriia;o__PCC-6307;f__Cyanobiaceae;g__Prochlorococcus_A;s__Prochlorococcus_A marinus_C,blast,93.60,None
contig_30583,GB_GCA_902583265.1,d__Bacteria;p__Cyanobacteriota;c__Cyanobacteriia;o__PCC-6307;f__Cyanobiaceae;g__Prochlorococcus_A;s__Prochlorococcus_A sp902583265,blast,93.50,iPHoP-RF;55.40
contig_30583,GB_GCA_003280915.1,d__Bacteria;p__Cyanobacteriota;c__Cyanobacteriia;o__PCC-6307;f__Cyanobiaceae;g__Prochlorococcus_A;s__Prochlorococcus_A sp003280915,blast,93.30,iPHoP-RF;50.90
contig_30583,GB_GCA_000634735.1,d__Bacteria;p__Cyanobacteriota;c__Cyanobacteriia;o__PCC-6307;f__Cyanobiaceae;g__Prochlorococcus_A;s__Prochlorococcus_A sp000634735,blast,93.20,None
contig_30583,GB_GCA_003216915.1,d__Bacteria;p__Cyanobacteriota;c__Cyanobacteriia;o__PCC-6307;f__Cyanobiaceae;g__Prochlorococcus_A;s__Prochlorococcus_A sp003216915,blast,93.20,None
contig_30583,GB_GCA_003209675.1,d__Bacteria;p__Cyanobacteriota;c__Cyanobacteriia;o__PCC-6307;f__Cyanobiaceae;g__Prochlorococcus_A;s__Prochlorococcus_A sp003209675,blast,93.00,iPHoP-RF;59.00
contig_30583,GB_GCA_003278685.1,d__Bacteria;p__Cyanobacteriota;c__Cyanobacteriia;o__PCC-6307;f__Cyanobiaceae;g__Prochlorococcus_A;s__Prochlorococcus_A sp003278685,blast,93.00,None
contig_30583,GB_GCA_003281605.1,d__Bacteria;p__Cyanobacteriota;c__Cyanobacteriia;o__PCC-6307;f__Cyanobiaceae;g__Prochlorococcus_A;s__Prochlorococcus_A sp003281605,blast,93.00,None
contig_30583,GB_GCA_000635495.1,d__Bacteria;p__Cyanobacteriota;c__Cyanobacteriia;o__PCC-6307;f__Cyanobiaceae;g__Prochlorococcus_A;s__Prochlorococcus_A sp000635495,blast,92.90,None
contig_30583,RS_GCF_017696315.1,d__Bacteria;p__Cyanobacteriota;c__Cyanobacteriia;o__PCC-6307;f__Cyanobiaceae;g__Prochlorococcus_A;s__Prochlorococcus_A marinus_AF,blast,92.90,None
contig_30583,GB_GCA_902525075.1,d__Bacteria;p__Cyanobacteriota;c__Cyanobacteriia;o__PCC-6307;f__Cyanobiaceae;g__Prochlorococcus_A;s__Prochlorococcus_A sp902525075,blast,92.60,None
contig_30583,RS_GCF_001180245.1,d__Bacteria;p__Cyanobacteriota;c__Cyanobacteriia;o__PCC-6307;f__Cyanobiaceae;g__Prochlorococcus_A;s__Prochlorococcus_A marinus_F,blast,92.60,None
contig_30583,GB_GCA_000634415.1,d__Bacteria;p__Cyanobacteriota;c__Cyanobacteriia;o__PCC-6307;f__Cyanobiaceae;g__Prochlorococcus_A;s__Prochlorococcus_A sp000634415,blast,92.40,None
contig_30583,GB_GCA_003280895.1,d__Bacteria;p__Cyanobacteriota;c__Cyanobacteriia;o__PCC-6307;f__Cyanobiaceae;g__Prochlorococcus_A;s__Prochlorococcus_A sp003280895,blast,92.40,None
contig_30583,RS_GCF_001180325.1,d__Bacteria;p__Cyanobacteriota;c__Cyanobacteriia;o__PCC-6307;f__Cyanobiaceae;g__Prochlorococcus_A;s__Prochlorococcus_A marinus_R,blast,92.30,None
contig_30583,GB_GCA_028408915.1,d__Bacteria;p__Cyanobacteriota;c__Cyanobacteriia;o__PCC-6307;f__Cyanobiaceae;g__Prochlorococcus_A;s__Prochlorococcus_A sp028408915,blast,92.10,iPHoP-RF;51.70
contig_30583,GB_GCA_902538225.1,d__Bacteria;p__Cyanobacteriota;c__Cyanobacteriia;o__PCC-6307;f__Cyanobiaceae;g__Prochlorococcus_A;s__Prochlorococcus_A sp902538225,blast,92.10,None
contig_30583,GB_GCA_002025865.1,d__Bacteria;p__Cyanobacteriota;c__Cyanobacteriia;o__PCC-6307;f__Cyanobiaceae;g__Prochlorococcus_A;s__Prochlorococcus_A sp002025865,blast,92.00,iPHoP-RF;57.10
contig_30583,GB_GCA_003211955.1,d__Bacteria;p__Cyanobacteriota;c__Cyanobacteriia;o__PCC-6307;f__Cyanobiaceae;g__Prochlorococcus_A;s__Prochlorococcus_A sp003211955,blast,91.90,None
contig_30583,GB_GCA_003281255.1,d__Bacteria;p__Cyanobacteriota;c__Cyanobacteriia;o__PCC-6307;f__Cyanobiaceae;g__Prochlorococcus_A;s__Prochlorococcus_A sp003281255,blast,91.90,None
contig_30583,RS_GCF_000757845.1,d__Bacteria;p__Cyanobacteriota;c__Cyanobacteriia;o__PCC-6307;f__Cyanobiaceae;g__Prochlorococcus_A;s__Prochlorococcus_A sp000757845,blast,91.80,None
contig_30583,GB_GCA_003280655.1,d__Bacteria;p__Cyanobacteriota;c__Cyanobacteriia;o__PCC-6307;f__Cyanobiaceae;g__Prochlorococcus_A;s__Prochlorococcus_A sp003280655,blast,91.60,iPHoP-RF;58.40
contig_30583,GB_GCA_003281385.1,d__Bacteria;p__Cyanobacteriota;c__Cyanobacteriia;o__PCC-6307;f__Cyanobiaceae;g__Prochlorococcus_A;s__Prochlorococcus_A sp003281385,blast,91.60,None
contig_30583,GB_GCA_000634195.1,d__Bacteria;p__Cyanobacteriota;c__Cyanobacteriia;o__PCC-6307;f__Cyanobiaceae;g__Prochlorococcus_A;s__Prochlorococcus_A sp000634195,blast,91.20,None
contig_30583,GB_GCA_003278895.1,d__Bacteria;p__Cyanobacteriota;c__Cyanobacteriia;o__PCC-6307;f__Cyanobiaceae;g__Prochlorococcus_A;s__Prochlorococcus_A sp003278895,blast,91.20,None
contig_30583,GB_GCA_002026005.1,d__Bacteria;p__Cyanobacteriota;c__Cyanobacteriia;o__PCC-6307;f__Cyanobiaceae;g__Prochlorococcus_A;s__Prochlorococcus_A sp002026005,blast,91.00,None
contig_30583,GB_GCA_003281635.1,d__Bacteria;p__Cyanobacteriota;c__Cyanobacteriia;o__PCC-6307;f__Cyanobiaceae;g__Prochlorococcus_A;s__Prochlorococcus_A sp003281635,blast,91.00,None
contig_30583,RS_GCF_017696275.1,d__Bacteria;p__Cyanobacteriota;c__Cyanobacteriia;o__PCC-6307;f__Cyanobiaceae;g__Prochlorococcus_A;s__Prochlorococcus_A marinus_AB,blast,91.00,None
contig_30583,GB_GCA_003212655.1,d__Bacteria;p__Cyanobacteriota;c__Cyanobacteriia;o__PCC-6307;f__Cyanobiaceae;g__Prochlorococcus_A;s__Prochlorococcus_A sp003212655,blast,90.90,None
contig_30583,GB_GCA_003216795.1,d__Bacteria;p__Cyanobacteriota;c__Cyanobacteriia;o__PCC-6307;f__Cyanobiaceae;g__Prochlorococcus_A;s__Prochlorococcus_A sp003216795,blast,90.70,None
contig_30583,GB_GCA_003278545.1,d__Bacteria;p__Cyanobacteriota;c__Cyanobacteriia;o__PCC-6307;f__Cyanobiaceae;g__Prochlorococcus_A;s__Prochlorococcus_A sp003278545,blast,90.70,None
contig_30583,GB_GCA_003281335.1,d__Bacteria;p__Cyanobacteriota;c__Cyanobacteriia;o__PCC-6307;f__Cyanobiaceae;g__Prochlorococcus_A;s__Prochlorococcus_A sp003281335,blast,90.40,None
contig_30583,RS_GCF_000015965.1,d__Bacteria;p__Cyanobacteriota;c__Cyanobacteriia;o__PCC-6307;f__Cyanobiaceae;g__Prochlorococcus_A;s__Prochlorococcus_A marinus_E,blast,90.40,None
contig_30583,GB_GCA_003278855.1,d__Bacteria;p__Cyanobacteriota;c__Cyanobacteriia;o__PCC-6307;f__Cyanobiaceae;g__Prochlorococcus_A;s__Prochlorococcus_A sp003278855,blast,90.20,None
contig_30583,GB_GCA_003213375.1,d__Bacteria;p__Cyanobacteriota;c__Cyanobacteriia;o__PCC-6307;f__Cyanobiaceae;g__Prochlorococcus_A;s__Prochlorococcus_A sp003213375,blast,90.10,None
contig_30583,GB_GCA_902621675.1,d__Bacteria;p__Cyanobacteriota;c__Cyanobacteriia;o__PCC-6307;f__Cyanobiaceae;g__Prochlorococcus_A;s__Prochlorococcus_A sp902621675,blast,90.10,None
contig_30583,GB_GCA_003279105.1,d__Bacteria;p__Cyanobacteriota;c__Cyanobacteriia;o__PCC-6307;f__Cyanobiaceae;g__Prochlorococcus_A;s__Prochlorococcus_A sp003279105,blast,90.00,None
contig_30583,GB_GCA_902611225.1,d__Bacteria;p__Cyanobacteriota;c__Cyanobacteriia;o__PCC-6307;f__Cyanobiaceae;g__Prochlorococcus_A;s__Prochlorococcus_A sp902611225,blast,90.00,None
contig_30583,RS_GCF_017695975.1,d__Bacteria;p__Cyanobacteriota;c__Cyanobacteriia;o__PCC-6307;f__Cyanobiaceae;g__Prochlorococcus_A;s__Prochlorococcus_A marinus_AG,blast,90.00,None
contig_30631|provirus_232238_253305,GB_GCA_963667505.1,d__Bacteria;p__Actinomycetota;c__Acidimicrobiia;o__Acidimicrobiales;f__Aldehydirespiratoraceae;g__Aldehydirespirator;s__Aldehydirespirator sp963667505,blast,93.40,None
contig_30631|provirus_232238_253305,GB_GCA_963667085.1,d__Bacteria;p__Actinomycetota;c__Acidimicrobiia;o__Acidimicrobiales;f__Bin134;g__Poriferisocius;s__Poriferisocius sp963667085,blast,90.20,None
contig_30715,GB_GCA_963666865.1,d__Bacteria;p__Chloroflexota;c__Dehalococcoidia;o__UBA3495;f__UBA3495;g__Bin87;s__Bin87 sp963666865,iPHoP-RF,96.70,blast;90.90
contig_30715,GB_GCA_021295965.1,d__Bacteria;p__Chloroflexota;c__Dehalococcoidia;o__UBA3495;f__UBA3495;g__Bin87;s__Bin87 sp021295965,iPHoP-RF,96.40,blast;89.80
contig_30715,GB_GCA_034421995.1,d__Bacteria;p__Chloroflexota;c__Dehalococcoidia;o__UBA3495;f__UBA3495;g__Bin87;s__Bin87 sp034421995,iPHoP-RF,96.10,blast;90.60
contig_30715,GB_GCA_963692995.1,d__Bacteria;p__Chloroflexota;c__Dehalococcoidia;o__UBA3495;f__UBA3495;g__Bin87;s__Bin87 sp963692995,iPHoP-RF,95.40,blast;86.60
contig_30715,GB_GCA_009837355.1,d__Bacteria;p__Chloroflexota;c__Dehalococcoidia;o__UBA3495;f__UBA3495;g__Bin87;s__Bin87 sp009837355,iPHoP-RF,94.70,blast;79.10
contig_30715,GB_GCA_034423575.1,d__Bacteria;p__Chloroflexota;c__Dehalococcoidia;o__UBA3495;f__UBA3495;g__Bin87;s__Bin87 sp034423575,iPHoP-RF,94.40,None
contig_30715,GB_GCA_963665395.1,d__Bacteria;p__Chloroflexota;c__Dehalococcoidia;o__UBA3495;f__UBA3495;g__Bin87;s__Bin87 sp963665395,iPHoP-RF,94.10,blast;92.70
contig_30715,GB_GCA_022825745.1,d__Bacteria;p__Chloroflexota;c__Dehalococcoidia;o__UBA3495;f__UBA3495;g__Bin87;s__Bin87 sp022825745,iPHoP-RF,93.70,blast;90.20
contig_30715,GB_GCA_963668585.1,d__Bacteria;p__Chloroflexota;c__Dehalococcoidia;o__UBA3495;f__UBA3495;g__Bin87;s__Bin87 sp963668585,iPHoP-RF,93.70,blast;80.00
contig_30715,GB_GCA_958296225.1,d__Bacteria;p__Chloroflexota;c__Dehalococcoidia;o__UBA3495;f__UBA3495;g__Bin87;s__Bin87 sp958296225,iPHoP-RF,93.10,blast;77.20
contig_30715,GB_GCA_034423595.1,d__Bacteria;p__Chloroflexota;c__Dehalococcoidia;o__UBA3495;f__UBA3495;g__Bin87;s__Bin87 sp034423595,iPHoP-RF,92.40,blast;91.70
contig_30715,GB_GCA_963666415.1,d__Bacteria;p__Chloroflexota;c__Dehalococcoidia;o__UBA3495;f__UBA3495;g__Bin87;s__Bin87 sp963666415,iPHoP-RF,92.40,None
contig_30715,GB_GCA_009840165.1,d__Bacteria;p__Chloroflexota;c__Dehalococcoidia;o__UBA3495;f__UBA3495;g__Bin87;s__Bin87 sp009840165,blast,91.90,iPHoP-RF;91.80
contig_30715,GB_GCA_958296385.1,d__Bacteria;p__Chloroflexota;c__Dehalococcoidia;o__UBA3495;f__UBA3495;g__Bin87;s__Bin87 sp958296385,iPHoP-RF,91.10,blast;85.70
contig_30715,GB_GCA_022823505.1,d__Bacteria;p__Chloroflexota;c__Dehalococcoidia;o__UBA3495;f__UBA3495;g__Bin87;s__Bin87 sp022823505,iPHoP-RF,90.80,blast;89.60
contig_30715,GB_GCA_028875655.1,d__Bacteria;p__Chloroflexota;c__Dehalococcoidia;o__UBA3495;f__UBA3495;g__Bin87;s__Bin87 sp028875655,iPHoP-RF,90.80,blast;88.40
contig_30715,GB_GCA_951813535.1,d__Bacteria;p__Chloroflexota;c__Dehalococcoidia;o__UBA3495;f__UBA3495;g__Bin87;s__Bin87 sp951813535,blast,90.60,iPHoP-RF;80.60
contig_30715,GB_GCA_028873965.1,d__Bacteria;p__Chloroflexota;c__Dehalococcoidia;o__UBA3495;f__UBA3495;g__Bin87;s__Bin87 sp028873965,blast,90.40,iPHoP-RF;79.50
contig_30715,GB_GCA_034420475.1,d__Bacteria;p__Chloroflexota;c__Dehalococcoidia;o__UBA3495;f__UBA3495;g__Bin87;s__Bin87 sp034420475,blast,90.40,iPHoP-RF;83.60
contig_30715,GB_GCA_963663945.1,d__Bacteria;p__Chloroflexota;c__Dehalococcoidia;o__UBA3495;f__UBA3495;g__Bin87;s__Bin87 sp963663945,blast,90.30,iPHoP-RF;89.80
contig_30715,GB_GCA_022827095.1,d__Bacteria;p__Chloroflexota;c__Dehalococcoidia;o__UBA3495;f__UBA3495;g__Bin87;s__Bin87 sp022827095,blast,90.00,iPHoP-RF;86.00
contig_30855,GB_GCA_022825825.1,d__Bacteria;p__Poribacteria;c__WGA-4E;o__WGA-4E;f__WGA-3G;g__MSPOR6;s__MSPOR6 sp022825825,blast,92.30,iPHoP-RF;74.10
contig_30855,GB_GCA_028824685.1,d__Bacteria;p__Poribacteria;c__WGA-4E;o__WGA-4E;f__WGA-3G;g__MSPOR6;s__MSPOR6 sp028824685,blast,91.00,iPHoP-RF;68.40
contig_30855,GB_GCA_951813565.1,d__Bacteria;p__Poribacteria;c__WGA-4E;o__WGA-4E;f__WGA-3G;g__MSPOR6;s__MSPOR6 sp021295735,blast,91.00,iPHoP-RF;58.70
contig_30855,GB_GCA_003635185.1,d__Bacteria;p__Poribacteria;c__WGA-4E;o__WGA-4E;f__WGA-3G;g__MSPOR6;s__MSPOR6 sp003635185,blast,90.50,iPHoP-RF;59.00
contig_30855,GB_GCA_028824125.1,d__Bacteria;p__Poribacteria;c__WGA-4E;o__WGA-4E;f__WGA-3G;g__MSPOR6;s__MSPOR6 sp028824125,blast,90.00,iPHoP-RF;70.60
contig_31718,GB_GCA_963666175.1,d__Bacteria;p__Poribacteria;c__WGA-4E;o__WGA-4E;f__WGA-3G;g__MSPOR6;s__MSPOR6 sp963666175,blast,92.20,iPHoP-RF;63.00
contig_3187,GB_GCA_022821965.1,d__Bacteria;p__Poribacteria;c__WGA-4E;o__WGA-4E;f__WGA-3G;g__WGA-3G;s__WGA-3G sp022821965,iPHoP-RF,96.10,None
contig_3187,GB_GCA_951813545.1,d__Bacteria;p__Poribacteria;c__WGA-4E;o__WGA-4E;f__WGA-3G;g__WGA-3G;s__WGA-3G sp951813545,iPHoP-RF,94.70,None
contig_3187,GB_GCA_951828515.1,d__Bacteria;p__Poribacteria;c__WGA-4E;o__WGA-4E;f__WGA-3G;g__WGA-3G;s__WGA-3G sp951828515,iPHoP-RF,91.10,None
contig_3187,GB_GCA_963664215.1,d__Bacteria;p__Poribacteria;c__WGA-4E;o__WGA-4E;f__WGA-3G;g__WGA-3G;s__WGA-3G sp963664215,iPHoP-RF,90.50,None
contig_32306,GB_GCA_009843785.1,d__Bacteria;p__Poribacteria;c__WGA-4E;o__WGA-4E;f__WGA-3G;g__WGA-3G;s__WGA-3G sp009843785,iPHoP-RF,96.40,blast;92.30
contig_32306,GB_GCA_026702755.1,d__Bacteria;p__Poribacteria;c__WGA-4E;o__WGA-4E;f__WGA-3G;g__WGA-3G;s__WGA-3G sp026702755,iPHoP-RF,95.70,None
contig_32306,GB_GCA_022821965.1,d__Bacteria;p__Poribacteria;c__WGA-4E;o__WGA-4E;f__WGA-3G;g__WGA-3G;s__WGA-3G sp022821965,iPHoP-RF,95.40,None
contig_32306,GB_GCA_028821605.1,d__Bacteria;p__Poribacteria;c__WGA-4E;o__WGA-4E;f__WGA-3G;g__WGA-3G;s__WGA-3G sp028821605,iPHoP-RF,95.40,None
contig_32306,GB_GCA_009841255.1,d__Bacteria;p__Poribacteria;c__WGA-4E;o__WGA-4E;f__WGA-3G;g__WGA-3G;s__WGA-3G sp009841255,iPHoP-RF,93.70,None
contig_32306,GB_GCA_012271015.1,d__Bacteria;p__Poribacteria;c__WGA-4E;o__WGA-4E;f__WGA-3G;g__WGA-3G;s__WGA-3G sp012271015,iPHoP-RF,93.70,None
contig_32306,GB_GCA_022821495.1,d__Bacteria;p__Poribacteria;c__WGA-4E;o__WGA-4E;f__WGA-3G;g__WGA-3G;s__WGA-3G sp022821495,iPHoP-RF,93.10,None
contig_32306,GB_GCA_026706025.1,d__Bacteria;p__Poribacteria;c__WGA-4E;o__WGA-4E;f__WGA-3G;g__WGA-3G;s__WGA-3G sp026706025,iPHoP-RF,92.80,None
contig_32306,GB_GCA_951813545.1,d__Bacteria;p__Poribacteria;c__WGA-4E;o__WGA-4E;f__WGA-3G;g__WGA-3G;s__WGA-3G sp951813545,iPHoP-RF,92.40,None
contig_32306,GB_GCA_003635255.1,d__Bacteria;p__Poribacteria;c__WGA-4E;o__WGA-4E;f__WGA-3G;g__WGA-3G;s__WGA-3G sp003635255,iPHoP-RF,91.40,None
contig_32306,GB_GCA_009845545.1,d__Bacteria;p__Poribacteria;c__WGA-4E;o__WGA-4E;f__WGA-3G;g__WGA-3G;s__WGA-3G sp009845545,iPHoP-RF,91.40,None
contig_32306,GB_GCA_012270875.1,d__Bacteria;p__Poribacteria;c__WGA-4E;o__WGA-4E;f__WGA-3G;g__WGA-3G;s__WGA-3G sp012270875,iPHoP-RF,91.40,None
contig_32306,GB_GCA_951828385.1,d__Bacteria;p__Poribacteria;c__WGA-4E;o__WGA-4E;f__WGA-3G;g__WGA-3G;s__WGA-3G sp951828385,iPHoP-RF,91.40,None
contig_32306,GB_GCA_022827055.1,d__Bacteria;p__Poribacteria;c__WGA-4E;o__WGA-4E;f__JAJDTR01;g__JAJDTR01;s__JAJDTR01 sp022827055,blast,91.30,None
contig_32306,GB_GCA_963664215.1,d__Bacteria;p__Poribacteria;c__WGA-4E;o__WGA-4E;f__WGA-3G;g__WGA-3G;s__WGA-3G sp963664215,iPHoP-RF,91.10,None
contig_32306,GB_GCA_028824575.1,d__Bacteria;p__Poribacteria;c__WGA-4E;o__WGA-4E;f__WGA-3G;g__WGA-3G;s__WGA-3G sp028824575,iPHoP-RF,90.80,None
contig_32306,GB_GCA_007571305.1,d__Bacteria;p__Poribacteria;c__WGA-4E;o__WGA-4E;f__WGA-3G;g__WGA-3G;s__WGA-3G sp007571305,iPHoP-RF,90.50,None
contig_32306,GB_GCA_022394775.1,d__Bacteria;p__Poribacteria;c__WGA-4E;o__WGA-4E;f__WGA-3G;g__WGA-3G;s__WGA-3G sp022394775,iPHoP-RF,90.50,None
contig_32716,GB_GCA_963422735.1,d__Bacteria;p__Latescibacterota;c__UBA2968;o__UBA8231;f__UBA8231;g__GCA-2724215;s__GCA-2724215 sp963422735,blast,91.90,iPHoP-RF;64.00
contig_32716,GB_GCA_958295495.1,d__Bacteria;p__Latescibacterota;c__UBA2968;o__UBA8231;f__UBA8231;g__GCA-2724215;s__GCA-2724215 sp958295495,blast,91.70,None
contig_32716,GB_GCA_022825835.1,d__Bacteria;p__Latescibacterota;c__UBA2968;o__UBA8231;f__UBA8231;g__GCA-2724215;s__GCA-2724215 sp022825835,blast,91.20,None
contig_32716,GB_GCA_022820485.1,d__Bacteria;p__Latescibacterota;c__UBA2968;o__UBA8231;f__UBA8231;g__GCA-2724215;s__GCA-2724215 sp022820485,blast,91.00,None
contig_32716,GB_GCA_022827835.1,d__Bacteria;p__Latescibacterota;c__UBA2968;o__UBA8231;f__UBA8231;g__GCA-2724215;s__GCA-2724215 sp022827835,blast,91.00,None
contig_32716,GB_GCA_007571365.1,d__Bacteria;p__Latescibacterota;c__UBA2968;o__UBA8231;f__UBA8231;g__GCA-2724215;s__GCA-2724215 sp007571365,blast,90.80,iPHoP-RF;54.10
contig_32716,GB_GCA_951813615.1,d__Bacteria;p__Latescibacterota;c__UBA2968;o__UBA8231;f__UBA8231;g__GCA-2724215;s__GCA-2724215 sp951813615,blast,90.70,None
contig_33203,RS_GCF_000010425.1,d__Bacteria;p__Actinomycetota;c__Actinomycetes;o__Actinomycetales;f__Bifidobacteriaceae;g__Bifidobacterium;s__Bifidobacterium adolescentis,CRISPR,94.10,None
contig_33203,RS_GCF_001025135.1,d__Bacteria;p__Actinomycetota;c__Actinomycetes;o__Actinomycetales;f__Bifidobacteriaceae;g__Bifidobacterium;s__Bifidobacterium bifidum,CRISPR,94.10,None
contig_33258,GB_GCA_022821965.1,d__Bacteria;p__Poribacteria;c__WGA-4E;o__WGA-4E;f__WGA-3G;g__WGA-3G;s__WGA-3G sp022821965,iPHoP-RF,96.10,None
contig_33258,GB_GCA_951813545.1,d__Bacteria;p__Poribacteria;c__WGA-4E;o__WGA-4E;f__WGA-3G;g__WGA-3G;s__WGA-3G sp951813545,iPHoP-RF,96.10,None
contig_33258,GB_GCA_026702755.1,d__Bacteria;p__Poribacteria;c__WGA-4E;o__WGA-4E;f__WGA-3G;g__WGA-3G;s__WGA-3G sp026702755,iPHoP-RF,95.10,None
contig_33258,GB_GCA_009835515.1,d__Bacteria;p__Poribacteria;c__WGA-4E;o__WGA-4E;f__WGA-3G;g__WGA-3G;s__WGA-3G sp009835515,iPHoP-RF,94.70,None
contig_33258,GB_GCA_009845545.1,d__Bacteria;p__Poribacteria;c__WGA-4E;o__WGA-4E;f__WGA-3G;g__WGA-3G;s__WGA-3G sp009845545,iPHoP-RF,94.70,None
contig_33258,GB_GCA_009841255.1,d__Bacteria;p__Poribacteria;c__WGA-4E;o__WGA-4E;f__WGA-3G;g__WGA-3G;s__WGA-3G sp009841255,iPHoP-RF,94.40,None
contig_33258,GB_GCA_022826805.1,d__Bacteria;p__Poribacteria;c__WGA-4E;o__WGA-4E;f__WGA-3G;g__WGA-3G;s__WGA-3G sp022826805,iPHoP-RF,94.40,None
contig_33258,GB_GCA_012271015.1,d__Bacteria;p__Poribacteria;c__WGA-4E;o__WGA-4E;f__WGA-3G;g__WGA-3G;s__WGA-3G sp012271015,iPHoP-RF,94.10,None
contig_33258,GB_GCA_026706025.1,d__Bacteria;p__Poribacteria;c__WGA-4E;o__WGA-4E;f__WGA-3G;g__WGA-3G;s__WGA-3G sp026706025,iPHoP-RF,94.10,None
contig_33258,GB_GCA_028821605.1,d__Bacteria;p__Poribacteria;c__WGA-4E;o__WGA-4E;f__WGA-3G;g__WGA-3G;s__WGA-3G sp028821605,iPHoP-RF,93.70,None
contig_33258,GB_GCA_951812525.1,d__Bacteria;p__Poribacteria;c__WGA-4E;o__WGA-4E;f__WGA-3G;g__WGA-3G;s__WGA-3G sp951812525,iPHoP-RF,93.40,None
contig_33258,GB_GCA_009843785.1,d__Bacteria;p__Poribacteria;c__WGA-4E;o__WGA-4E;f__WGA-3G;g__WGA-3G;s__WGA-3G sp009843785,iPHoP-RF,93.10,None
contig_33258,GB_GCA_963664215.1,d__Bacteria;p__Poribacteria;c__WGA-4E;o__WGA-4E;f__WGA-3G;g__WGA-3G;s__WGA-3G sp963664215,iPHoP-RF,93.10,None
contig_33258,GB_GCA_028820845.1,d__Bacteria;p__Poribacteria;c__WGA-4E;o__WGA-4E;f__WGA-3G;g__WGA-3G;s__WGA-3G sp009845505,iPHoP-RF,92.80,None
contig_33258,GB_GCA_000406005.1,d__Bacteria;p__Poribacteria;c__WGA-4E;o__WGA-4E;f__WGA-3G;g__WGA-3G;s__WGA-3G sp000406005,iPHoP-RF,92.10,None
contig_33258,GB_GCA_028824575.1,d__Bacteria;p__Poribacteria;c__WGA-4E;o__WGA-4E;f__WGA-3G;g__WGA-3G;s__WGA-3G sp028824575,iPHoP-RF,92.10,None
contig_33258,GB_GCA_012270865.1,d__Bacteria;p__Poribacteria;c__WGA-4E;o__WGA-4E;f__WGA-3G;g__WGA-3G;s__WGA-3G sp012270865,iPHoP-RF,91.40,None
contig_33258,GB_GCA_022827225.1,d__Bacteria;p__Poribacteria;c__WGA-4E;o__WGA-4E;f__WGA-3G;g__WGA-3G;s__WGA-3G sp022827225,iPHoP-RF,90.80,None
contig_33258,GB_GCA_022822215.1,d__Bacteria;p__Poribacteria;c__WGA-4E;o__WGA-4E;f__WGA-3G;g__WGA-3G;s__WGA-3G sp022822215,iPHoP-RF,90.50,None
contig_33258,GB_GCA_022827625.1,d__Bacteria;p__Poribacteria;c__WGA-4E;o__WGA-4E;f__WGA-3G;g__WGA-3G;s__WGA-3G sp022827625,iPHoP-RF,90.50,None
contig_33325,GB_GCA_951828385.1,d__Bacteria;p__Poribacteria;c__WGA-4E;o__WGA-4E;f__WGA-3G;g__WGA-3G;s__WGA-3G sp951828385,blast,93.80,iPHoP-RF;81.60
contig_33325,GB_GCA_012271015.1,d__Bacteria;p__Poribacteria;c__WGA-4E;o__WGA-4E;f__WGA-3G;g__WGA-3G;s__WGA-3G sp012271015,iPHoP-RF,93.70,None
contig_33325,GB_GCA_009843785.1,d__Bacteria;p__Poribacteria;c__WGA-4E;o__WGA-4E;f__WGA-3G;g__WGA-3G;s__WGA-3G sp009843785,iPHoP-RF,93.10,blast;91.60
contig_33325,GB_GCA_963668035.1,d__Bacteria;p__Poribacteria;c__WGA-4E;o__WGA-4E;f__WGA-3G;g__WGA-3G;s__WGA-3G sp963668035,iPHoP-RF,93.10,None
contig_33325,GB_GCA_022821965.1,d__Bacteria;p__Poribacteria;c__WGA-4E;o__WGA-4E;f__WGA-3G;g__WGA-3G;s__WGA-3G sp022821965,iPHoP-RF,92.80,None
contig_33325,GB_GCA_028821605.1,d__Bacteria;p__Poribacteria;c__WGA-4E;o__WGA-4E;f__WGA-3G;g__WGA-3G;s__WGA-3G sp028821605,iPHoP-RF,92.40,None
contig_33325,GB_GCA_026702755.1,d__Bacteria;p__Poribacteria;c__WGA-4E;o__WGA-4E;f__WGA-3G;g__WGA-3G;s__WGA-3G sp026702755,iPHoP-RF,92.10,None
contig_33325,GB_GCA_963664215.1,d__Bacteria;p__Poribacteria;c__WGA-4E;o__WGA-4E;f__WGA-3G;g__WGA-3G;s__WGA-3G sp963664215,iPHoP-RF,91.10,None
contig_33325,GB_GCA_009835515.1,d__Bacteria;p__Poribacteria;c__WGA-4E;o__WGA-4E;f__WGA-3G;g__WGA-3G;s__WGA-3G sp009835515,iPHoP-RF,90.50,None
contig_33444,GB_GCA_009843785.1,d__Bacteria;p__Poribacteria;c__WGA-4E;o__WGA-4E;f__WGA-3G;g__WGA-3G;s__WGA-3G sp009843785,iPHoP-RF,92.80,None
contig_33444,GB_GCA_009845545.1,d__Bacteria;p__Poribacteria;c__WGA-4E;o__WGA-4E;f__WGA-3G;g__WGA-3G;s__WGA-3G sp009845545,iPHoP-RF,91.40,None
contig_33444,GB_GCA_026706025.1,d__Bacteria;p__Poribacteria;c__WGA-4E;o__WGA-4E;f__WGA-3G;g__WGA-3G;s__WGA-3G sp026706025,iPHoP-RF,90.10,None
contig_33444,GB_GCA_028824575.1,d__Bacteria;p__Poribacteria;c__WGA-4E;o__WGA-4E;f__WGA-3G;g__WGA-3G;s__WGA-3G sp028824575,iPHoP-RF,90.10,None
contig_33750,GB_GCA_012271015.1,d__Bacteria;p__Poribacteria;c__WGA-4E;o__WGA-4E;f__WGA-3G;g__WGA-3G;s__WGA-3G sp012271015,iPHoP-RF,94.10,blast;89.70
contig_33750,GB_GCA_028820845.1,d__Bacteria;p__Poribacteria;c__WGA-4E;o__WGA-4E;f__WGA-3G;g__WGA-3G;s__WGA-3G sp009845505,blast,93.90,iPHoP-RF;81.90
contig_33750,GB_GCA_022821965.1,d__Bacteria;p__Poribacteria;c__WGA-4E;o__WGA-4E;f__WGA-3G;g__WGA-3G;s__WGA-3G sp022821965,iPHoP-RF,93.40,None
contig_33750,GB_GCA_028821605.1,d__Bacteria;p__Poribacteria;c__WGA-4E;o__WGA-4E;f__WGA-3G;g__WGA-3G;s__WGA-3G sp028821605,iPHoP-RF,91.40,None
contig_33750,GB_GCA_963668035.1,d__Bacteria;p__Poribacteria;c__WGA-4E;o__WGA-4E;f__WGA-3G;g__WGA-3G;s__WGA-3G sp963668035,iPHoP-RF,91.40,None
contig_33750,GB_GCA_022826805.1,d__Bacteria;p__Poribacteria;c__WGA-4E;o__WGA-4E;f__WGA-3G;g__WGA-3G;s__WGA-3G sp022826805,blast,91.20,iPHoP-RF;85.40
contig_33750,GB_GCA_951813545.1,d__Bacteria;p__Poribacteria;c__WGA-4E;o__WGA-4E;f__WGA-3G;g__WGA-3G;s__WGA-3G sp951813545,iPHoP-RF,91.10,None
contig_33750,GB_GCA_028818705.1,d__Bacteria;p__Poribacteria;c__WGA-4E;o__WGA-4E;f__WGA-3G;g__WGA-3G;s__WGA-3G sp028818705,blast,90.40,iPHoP-RF;72.40
contig_33750,GB_GCA_951828515.1,d__Bacteria;p__Poribacteria;c__WGA-4E;o__WGA-4E;f__WGA-3G;g__WGA-3G;s__WGA-3G sp951828515,blast,90.40,iPHoP-RF;76.80
contig_33750,GB_GCA_026702755.1,d__Bacteria;p__Poribacteria;c__WGA-4E;o__WGA-4E;f__WGA-3G;g__WGA-3G;s__WGA-3G sp026702755,iPHoP-RF,90.10,None
contig_34203,GB_GCA_009839745.1,d__Bacteria;p__Poribacteria;c__WGA-4E;o__WGA-4E;f__WGA-3G;g__WGA-3G;s__WGA-3G sp009839745,blast,92.10,iPHoP-RF;53.30
contig_34203,GB_GCA_009843785.1,d__Bacteria;p__Poribacteria;c__WGA-4E;o__WGA-4E;f__WGA-3G;g__WGA-3G;s__WGA-3G sp009843785,blast,90.80,iPHoP-RF;68.40
contig_34203,GB_GCA_022394775.1,d__Bacteria;p__Poribacteria;c__WGA-4E;o__WGA-4E;f__WGA-3G;g__WGA-3G;s__WGA-3G sp022394775,blast,90.80,iPHoP-RF;66.50
contig_34203,GB_GCA_000406005.1,d__Bacteria;p__Poribacteria;c__WGA-4E;o__WGA-4E;f__WGA-3G;g__WGA-3G;s__WGA-3G sp000406005,blast,90.40,iPHoP-RF;71.50
contig_34203,GB_GCA_012270865.1,d__Bacteria;p__Poribacteria;c__WGA-4E;o__WGA-4E;f__WGA-3G;g__WGA-3G;s__WGA-3G sp012270865,blast,90.10,iPHoP-RF;68.20
contig_34254,GB_GCA_009835515.1,d__Bacteria;p__Poribacteria;c__WGA-4E;o__WGA-4E;f__WGA-3G;g__WGA-3G;s__WGA-3G sp009835515,iPHoP-RF,91.80,None
contig_34254,GB_GCA_009843785.1,d__Bacteria;p__Poribacteria;c__WGA-4E;o__WGA-4E;f__WGA-3G;g__WGA-3G;s__WGA-3G sp009843785,iPHoP-RF,90.10,None
contig_34418|provirus_174399_188691,GB_GCA_034420775.1,d__Bacteria;p__Chloroflexota;c__Dehalococcoidia;o__SHYB01;f__SHYB01;g__DAOUKH01;s__DAOUKH01 sp034420775,blast,92.90,None
contig_34418|provirus_174399_188691,GB_GCA_034421515.1,d__Bacteria;p__Chloroflexota;c__Dehalococcoidia;o__SHYB01;f__SHYB01;g__DAOUKH01;s__DAOUKH01 sp034421515,blast,91.90,None
contig_35098|provirus_41730_57182,GB_GCA_022827095.1,d__Bacteria;p__Chloroflexota;c__Dehalococcoidia;o__UBA3495;f__UBA3495;g__Bin87;s__Bin87 sp022827095,blast,93.60,iPHoP-RF;50.20
contig_35098|provirus_41730_57182,GB_GCA_034421995.1,d__Bacteria;p__Chloroflexota;c__Dehalococcoidia;o__UBA3495;f__UBA3495;g__Bin87;s__Bin87 sp034421995,blast,92.00,iPHoP-RF;50.40
contig_35098|provirus_41730_57182,GB_GCA_963666865.1,d__Bacteria;p__Chloroflexota;c__Dehalococcoidia;o__UBA3495;f__UBA3495;g__Bin87;s__Bin87 sp963666865,blast,91.10,None
contig_35098|provirus_41730_57182,GB_GCA_963666415.1,d__Bacteria;p__Chloroflexota;c__Dehalococcoidia;o__UBA3495;f__UBA3495;g__Bin87;s__Bin87 sp963666415,blast,90.70,iPHoP-RF;61.40
contig_35098|provirus_41730_57182,GB_GCA_034423575.1,d__Bacteria;p__Chloroflexota;c__Dehalococcoidia;o__UBA3495;f__UBA3495;g__Bin87;s__Bin87 sp034423575,blast,90.00,None
contig_35285,GB_GCA_023253295.1,d__Bacteria;p__Bacteroidota;c__Bacteroidia;o__Flavobacteriales;f__Flavobacteriaceae;g__Flavobacterium;s__Flavobacterium sp023253295,blast,91.70,iPHoP-RF;83.60
contig_35420,GB_GCA_022823085.1,d__Bacteria;p__Poribacteria;c__WGA-4E;o__WGA-4E;f__WGA-3G;g__WGA-3G;s__WGA-3G sp022823085,blast,94.50,iPHoP-RF;68.40
contig_35562,GB_GCA_023268875.1,d__Bacteria;p__Bacteroidota;c__Bacteroidia;o__NS11-12g;f__UBA955;g__VMCP01;s__VMCP01 sp023268875,blast,92.10,None
contig_35562,GB_GCA_023253295.1,d__Bacteria;p__Bacteroidota;c__Bacteroidia;o__Flavobacteriales;f__Flavobacteriaceae;g__Flavobacterium;s__Flavobacterium sp023253295,blast,91.70,None
contig_35594,3300028048_144,d__Bacteria;p__Patescibacteriota;c__Saccharimonadia;o__Saccharimonadales;f__Nanosyncoccaceae;g__Nanosyncoccus;s__,iPHoP-RF,90.80,None
contig_35594,GB_GCA_948648655.1,d__Bacteria;p__Patescibacteriota;c__Saccharimonadia;o__Saccharimonadales;f__Nanosyncoccaceae;g__Nanosyncoccus;s__Nanosyncoccus sp948648655,iPHoP-RF,90.10,None
contig_35682,GB_GCA_009835515.1,d__Bacteria;p__Poribacteria;c__WGA-4E;o__WGA-4E;f__WGA-3G;g__WGA-3G;s__WGA-3G sp009835515,iPHoP-RF,95.40,None
contig_35682,GB_GCA_028824575.1,d__Bacteria;p__Poribacteria;c__WGA-4E;o__WGA-4E;f__WGA-3G;g__WGA-3G;s__WGA-3G sp028824575,iPHoP-RF,95.40,blast;89.80
contig_35682,GB_GCA_026706025.1,d__Bacteria;p__Poribacteria;c__WGA-4E;o__WGA-4E;f__WGA-3G;g__WGA-3G;s__WGA-3G sp026706025,iPHoP-RF,94.40,None
contig_35682,GB_GCA_009845545.1,d__Bacteria;p__Poribacteria;c__WGA-4E;o__WGA-4E;f__WGA-3G;g__WGA-3G;s__WGA-3G sp009845545,iPHoP-RF,93.70,None
contig_35682,GB_GCA_951828385.1,d__Bacteria;p__Poribacteria;c__WGA-4E;o__WGA-4E;f__WGA-3G;g__WGA-3G;s__WGA-3G sp951828385,iPHoP-RF,93.70,None
contig_35682,GB_GCA_963664215.1,d__Bacteria;p__Poribacteria;c__WGA-4E;o__WGA-4E;f__WGA-3G;g__WGA-3G;s__WGA-3G sp963664215,blast,93.60,iPHoP-RF;89.80
contig_35682,GB_GCA_003635255.1,d__Bacteria;p__Poribacteria;c__WGA-4E;o__WGA-4E;f__WGA-3G;g__WGA-3G;s__WGA-3G sp003635255,iPHoP-RF,93.40,None
contig_35682,GB_GCA_022394775.1,d__Bacteria;p__Poribacteria;c__WGA-4E;o__WGA-4E;f__WGA-3G;g__WGA-3G;s__WGA-3G sp022394775,iPHoP-RF,93.40,None
contig_35682,GB_GCA_022821495.1,d__Bacteria;p__Poribacteria;c__WGA-4E;o__WGA-4E;f__WGA-3G;g__WGA-3G;s__WGA-3G sp022821495,iPHoP-RF,93.10,None
contig_35682,GB_GCA_022827185.1,d__Bacteria;p__Poribacteria;c__WGA-4E;o__WGA-4E;f__WGA-3G;g__WGA-3G;s__WGA-3G sp022827185,iPHoP-RF,92.80,None
contig_35682,GB_GCA_022819945.1,d__Bacteria;p__Poribacteria;c__WGA-4E;o__WGA-4E;f__WGA-3G;g__WGA-3G;s__WGA-3G sp022819945,iPHoP-RF,91.40,None
contig_35682,GB_GCA_009843785.1,d__Bacteria;p__Poribacteria;c__WGA-4E;o__WGA-4E;f__WGA-3G;g__WGA-3G;s__WGA-3G sp009843785,iPHoP-RF,91.10,None
contig_35682,GB_GCA_003635195.1,d__Bacteria;p__Poribacteria;c__WGA-4E;o__WGA-4E;f__WGA-3G;g__WGA-3G;s__WGA-3G sp003635195,iPHoP-RF,90.80,None
contig_35682,GB_GCA_009840385.1,d__Bacteria;p__Desulfobacterota_D;c__UBA1144;o__Nemesobacterales;f__Nemesobacteraceae;g__Nemesobacter;s__Nemesobacter australis,blast,90.00,None
contig_3594|provirus_69175_149574,GB_GCA_009838465.1,d__Bacteria;p__Chloroflexota;c__Dehalococcoidia;o__SAR202;f__UBA1123;g__VXRN01;s__VXRN01 sp009838465,blast,92.80,iPHoP-RF;54.90
contig_3594|provirus_69175_149574,GB_GCA_951812505.1,d__Bacteria;p__Chloroflexota;c__Dehalococcoidia;o__SAR202;f__UBA1123;g__VXRN01;s__VXRN01 sp951812505,blast,91.70,iPHoP-RF;57.60
contig_3594|provirus_69175_149574,GB_GCA_034428355.1,d__Bacteria;p__Chloroflexota;c__Dehalococcoidia;o__SAR202;f__JADFKI01;g__Bin90;s__Bin90 sp034428355,blast,90.90,None
contig_3594|provirus_69175_149574,GB_GCA_024648655.1,d__Bacteria;p__Chloroflexota;c__Dehalococcoidia;o__SAR202;f__JADFKI01;g__Bin90;s__Bin90 sp024648655,blast,90.20,iPHoP-RF;55.70
contig_36413,GB_GCA_958295495.1,d__Bacteria;p__Latescibacterota;c__UBA2968;o__UBA8231;f__UBA8231;g__GCA-2724215;s__GCA-2724215 sp958295495,blast,93.80,iPHoP-RF;53.80
contig_36413,GB_GCA_022827835.1,d__Bacteria;p__Latescibacterota;c__UBA2968;o__UBA8231;f__UBA8231;g__GCA-2724215;s__GCA-2724215 sp022827835,blast,91.70,iPHoP-RF;54.10
contig_36444,GB_GCA_951813545.1,d__Bacteria;p__Poribacteria;c__WGA-4E;o__WGA-4E;f__WGA-3G;g__WGA-3G;s__WGA-3G sp951813545,blast,93.00,iPHoP-RF;81.40
contig_36444,GB_GCA_012271015.1,d__Bacteria;p__Poribacteria;c__WGA-4E;o__WGA-4E;f__WGA-3G;g__WGA-3G;s__WGA-3G sp012271015,blast,92.80,iPHoP-RF;78.70
contig_36444,GB_GCA_022394775.1,d__Bacteria;p__Poribacteria;c__WGA-4E;o__WGA-4E;f__WGA-3G;g__WGA-3G;s__WGA-3G sp022394775,blast,92.30,iPHoP-RF;84.50
contig_36821,GB_GCA_963663885.1,d__Bacteria;p__Chloroflexota;c__Anaerolineae;o__Caldilineales;f__Caldilineaceae;g__Bin34;s__Bin34 sp002238555,blast,92.60,None
contig_36821,GB_GCA_026705565.1,d__Bacteria;p__Chloroflexota;c__Anaerolineae;o__Caldilineales;f__Caldilineaceae;g__Bin34;s__Bin34 sp026705565,blast,90.80,None
contig_36821,GB_GCA_009841145.1,d__Bacteria;p__Chloroflexota;c__Anaerolineae;o__Caldilineales;f__Caldilineaceae;g__Bin34;s__Bin34 sp009841145,blast,90.40,iPHoP-RF;60.30
contig_37269,RS_GCF_000328665.1,d__Archaea;p__Halobacteriota;c__Methanosarcinia;o__Methanosarcinales;f__Methanosarcinaceae;g__Methanomethylovorans;s__Methanomethylovorans hollandica,iPHoP-RF,95.40,None
contig_37503|provirus_436_24703,GB_GCA_963667505.1,d__Bacteria;p__Actinomycetota;c__Acidimicrobiia;o__Acidimicrobiales;f__Aldehydirespiratoraceae;g__Aldehydirespirator;s__Aldehydirespirator sp963667505,blast,92.10,None
contig_380|provirus_15053_57982,GB_GCA_963667085.1,d__Bacteria;p__Actinomycetota;c__Acidimicrobiia;o__Acidimicrobiales;f__Bin134;g__Poriferisocius;s__Poriferisocius sp963667085,blast,93.00,None
contig_38240|provirus_3_37053,GB_GCA_963664215.1,d__Bacteria;p__Poribacteria;c__WGA-4E;o__WGA-4E;f__WGA-3G;g__WGA-3G;s__WGA-3G sp963664215,blast,95.50,iPHoP-RF;91.10
contig_39004,GB_GCA_000634115.1,d__Bacteria;p__Cyanobacteriota;c__Cyanobacteriia;o__PCC-6307;f__Cyanobiaceae;g__Prochlorococcus_A;s__Prochlorococcus_A sp000634115,blast,96.80,iPHoP-RF;64.00
contig_39004,GB_GCA_000634195.1,d__Bacteria;p__Cyanobacteriota;c__Cyanobacteriia;o__PCC-6307;f__Cyanobiaceae;g__Prochlorococcus_A;s__Prochlorococcus_A sp000634195,blast,96.80,iPHoP-RF;61.40
contig_39004,GB_GCA_000634215.1,d__Bacteria;p__Cyanobacteriota;c__Cyanobacteriia;o__PCC-6307;f__Cyanobiaceae;g__Prochlorococcus_A;s__Prochlorococcus_A sp000634215,blast,96.80,iPHoP-RF;60.30
contig_39004,GB_GCA_000634415.1,d__Bacteria;p__Cyanobacteriota;c__Cyanobacteriia;o__PCC-6307;f__Cyanobiaceae;g__Prochlorococcus_A;s__Prochlorococcus_A sp000634415,blast,96.80,iPHoP-RF;60.90
contig_39004,GB_GCA_000634515.1,d__Bacteria;p__Cyanobacteriota;c__Cyanobacteriia;o__PCC-6307;f__Cyanobiaceae;g__Prochlorococcus_A;s__Prochlorococcus_A sp000634515,blast,96.80,iPHoP-RF;65.30
contig_39004,GB_GCA_000634735.1,d__Bacteria;p__Cyanobacteriota;c__Cyanobacteriia;o__PCC-6307;f__Cyanobiaceae;g__Prochlorococcus_A;s__Prochlorococcus_A sp000634735,blast,96.80,iPHoP-RF;57.60
contig_39004,GB_GCA_000635495.1,d__Bacteria;p__Cyanobacteriota;c__Cyanobacteriia;o__PCC-6307;f__Cyanobiaceae;g__Prochlorococcus_A;s__Prochlorococcus_A sp000635495,blast,96.80,iPHoP-RF;67.50
contig_39004,GB_GCA_001180285.1,d__Bacteria;p__Cyanobacteriota;c__Cyanobacteriia;o__PCC-6307;f__Cyanobiaceae;g__Prochlorococcus_A;s__Prochlorococcus_A marinus_C,blast,96.80,iPHoP-RF;67.30
contig_39004,GB_GCA_002025865.1,d__Bacteria;p__Cyanobacteriota;c__Cyanobacteriia;o__PCC-6307;f__Cyanobiaceae;g__Prochlorococcus_A;s__Prochlorococcus_A sp002025865,blast,96.80,iPHoP-RF;67.30
contig_39004,GB_GCA_002025975.1,d__Bacteria;p__Cyanobacteriota;c__Cyanobacteriia;o__PCC-6307;f__Cyanobiaceae;g__Prochlorococcus_A;s__Prochlorococcus_A sp002025975,blast,96.80,iPHoP-RF;66.30
contig_39004,GB_GCA_002026015.1,d__Bacteria;p__Cyanobacteriota;c__Cyanobacteriia;o__PCC-6307;f__Cyanobiaceae;g__Prochlorococcus_A;s__Prochlorococcus_A sp002026015,blast,96.80,iPHoP-RF;59.80
contig_39004,GB_GCA_003209425.1,d__Bacteria;p__Cyanobacteriota;c__Cyanobacteriia;o__PCC-6307;f__Cyanobiaceae;g__Prochlorococcus_A;s__Prochlorococcus_A sp003209425,blast,96.80,iPHoP-RF;67.50
contig_39004,GB_GCA_003209475.1,d__Bacteria;p__Cyanobacteriota;c__Cyanobacteriia;o__PCC-6307;f__Cyanobiaceae;g__Prochlorococcus_A;s__Prochlorococcus_A sp003209475,blast,96.80,iPHoP-RF;57.90
contig_39004,GB_GCA_003209585.1,d__Bacteria;p__Cyanobacteriota;c__Cyanobacteriia;o__PCC-6307;f__Cyanobiaceae;g__Prochlorococcus_A;s__Prochlorococcus_A sp003209585,blast,96.80,iPHoP-RF;65.30
contig_39004,GB_GCA_003209675.1,d__Bacteria;p__Cyanobacteriota;c__Cyanobacteriia;o__PCC-6307;f__Cyanobiaceae;g__Prochlorococcus_A;s__Prochlorococcus_A sp003209675,blast,96.80,iPHoP-RF;66.50
contig_39004,GB_GCA_003210155.1,d__Bacteria;p__Cyanobacteriota;c__Cyanobacteriia;o__PCC-6307;f__Cyanobiaceae;g__Prochlorococcus_A;s__Prochlorococcus_A sp003210155,blast,96.80,iPHoP-RF;67.50
contig_39004,GB_GCA_003211415.1,d__Bacteria;p__Cyanobacteriota;c__Cyanobacteriia;o__PCC-6307;f__Cyanobiaceae;g__Prochlorococcus_A;s__Prochlorococcus_A sp003211415,blast,96.80,iPHoP-RF;63.30
contig_39004,GB_GCA_003211955.1,d__Bacteria;p__Cyanobacteriota;c__Cyanobacteriia;o__PCC-6307;f__Cyanobiaceae;g__Prochlorococcus_A;s__Prochlorococcus_A sp003211955,blast,96.80,iPHoP-RF;59.20
contig_39004,GB_GCA_003212615.1,d__Bacteria;p__Cyanobacteriota;c__Cyanobacteriia;o__PCC-6307;f__Cyanobiaceae;g__Prochlorococcus_A;s__Prochlorococcus_A sp003212615,blast,96.80,iPHoP-RF;68.40
contig_39004,GB_GCA_003213375.1,d__Bacteria;p__Cyanobacteriota;c__Cyanobacteriia;o__PCC-6307;f__Cyanobiaceae;g__Prochlorococcus_A;s__Prochlorococcus_A sp003213375,blast,96.80,iPHoP-RF;64.30
contig_39004,GB_GCA_003214085.1,d__Bacteria;p__Cyanobacteriota;c__Cyanobacteriia;o__PCC-6307;f__Cyanobiaceae;g__Prochlorococcus_A;s__Prochlorococcus_A sp003214085,blast,96.80,iPHoP-RF;67.30
contig_39004,GB_GCA_003214235.1,d__Bacteria;p__Cyanobacteriota;c__Cyanobacteriia;o__PCC-6307;f__Cyanobiaceae;g__Prochlorococcus_A;s__Prochlorococcus_A sp003214235,blast,96.80,iPHoP-RF;69.10
contig_39004,GB_GCA_003214295.1,d__Bacteria;p__Cyanobacteriota;c__Cyanobacteriia;o__PCC-6307;f__Cyanobiaceae;g__Prochlorococcus_A;s__Prochlorococcus_A sp003214295,blast,96.80,iPHoP-RF;63.00
contig_39004,GB_GCA_003214315.1,d__Bacteria;p__Cyanobacteriota;c__Cyanobacteriia;o__PCC-6307;f__Cyanobiaceae;g__Prochlorococcus_A;s__Prochlorococcus_A sp003214315,blast,96.80,iPHoP-RF;67.30
contig_39004,GB_GCA_003214815.1,d__Bacteria;p__Cyanobacteriota;c__Cyanobacteriia;o__PCC-6307;f__Cyanobiaceae;g__Prochlorococcus_A;s__Prochlorococcus_A sp003214815,blast,96.80,iPHoP-RF;59.00
contig_39004,GB_GCA_003216355.1,d__Bacteria;p__Cyanobacteriota;c__Cyanobacteriia;o__PCC-6307;f__Cyanobiaceae;g__Prochlorococcus_A;s__Prochlorococcus_A sp003216355,blast,96.80,iPHoP-RF;63.80
contig_39004,GB_GCA_003216415.1,d__Bacteria;p__Cyanobacteriota;c__Cyanobacteriia;o__PCC-6307;f__Cyanobiaceae;g__Prochlorococcus_A;s__Prochlorococcus_A sp003216415,blast,96.80,iPHoP-RF;68.90
contig_39004,GB_GCA_003216455.1,d__Bacteria;p__Cyanobacteriota;c__Cyanobacteriia;o__PCC-6307;f__Cyanobiaceae;g__Prochlorococcus_A;s__Prochlorococcus_A sp003216455,blast,96.80,iPHoP-RF;58.70
contig_39004,GB_GCA_003216535.1,d__Bacteria;p__Cyanobacteriota;c__Cyanobacteriia;o__PCC-6307;f__Cyanobiaceae;g__Prochlorococcus_A;s__Prochlorococcus_A sp003216535,blast,96.80,iPHoP-RF;54.90
contig_39004,GB_GCA_003216615.1,d__Bacteria;p__Cyanobacteriota;c__Cyanobacteriia;o__PCC-6307;f__Cyanobiaceae;g__Prochlorococcus_A;s__Prochlorococcus_A sp003216615,blast,96.80,iPHoP-RF;63.80
contig_39004,GB_GCA_003216755.1,d__Bacteria;p__Cyanobacteriota;c__Cyanobacteriia;o__PCC-6307;f__Cyanobiaceae;g__Prochlorococcus_A;s__Prochlorococcus_A sp003216755,blast,96.80,iPHoP-RF;64.80
contig_39004,GB_GCA_003216775.1,d__Bacteria;p__Cyanobacteriota;c__Cyanobacteriia;o__PCC-6307;f__Cyanobiaceae;g__Prochlorococcus_A;s__Prochlorococcus_A sp003216775,blast,96.80,iPHoP-RF;65.30
contig_39004,GB_GCA_003216795.1,d__Bacteria;p__Cyanobacteriota;c__Cyanobacteriia;o__PCC-6307;f__Cyanobiaceae;g__Prochlorococcus_A;s__Prochlorococcus_A sp003216795,blast,96.80,iPHoP-RF;64.00
contig_39004,GB_GCA_003216915.1,d__Bacteria;p__Cyanobacteriota;c__Cyanobacteriia;o__PCC-6307;f__Cyanobiaceae;g__Prochlorococcus_A;s__Prochlorococcus_A sp003216915,blast,96.80,iPHoP-RF;62.70
contig_39004,GB_GCA_003278045.1,d__Bacteria;p__Cyanobacteriota;c__Cyanobacteriia;o__PCC-6307;f__Cyanobiaceae;g__Prochlorococcus_A;s__Prochlorococcus_A sp003278045,blast,96.80,iPHoP-RF;64.80
contig_39004,GB_GCA_003278535.1,d__Bacteria;p__Cyanobacteriota;c__Cyanobacteriia;o__PCC-6307;f__Cyanobiaceae;g__Prochlorococcus_A;s__Prochlorococcus_A sp003278535,blast,96.80,iPHoP-RF;60.30
contig_39004,GB_GCA_003278685.1,d__Bacteria;p__Cyanobacteriota;c__Cyanobacteriia;o__PCC-6307;f__Cyanobiaceae;g__Prochlorococcus_A;s__Prochlorococcus_A sp003278685,blast,96.80,iPHoP-RF;65.30
contig_39004,GB_GCA_003278705.1,d__Bacteria;p__Cyanobacteriota;c__Cyanobacteriia;o__PCC-6307;f__Cyanobiaceae;g__Prochlorococcus_A;s__Prochlorococcus_A sp003278705,blast,96.80,iPHoP-RF;67.00
contig_39004,GB_GCA_003278845.1,d__Bacteria;p__Cyanobacteriota;c__Cyanobacteriia;o__PCC-6307;f__Cyanobiaceae;g__Prochlorococcus_A;s__Prochlorococcus_A sp003278845,blast,96.80,iPHoP-RF;58.20
contig_39004,GB_GCA_003278855.1,d__Bacteria;p__Cyanobacteriota;c__Cyanobacteriia;o__PCC-6307;f__Cyanobiaceae;g__Prochlorococcus_A;s__Prochlorococcus_A sp003278855,blast,96.80,iPHoP-RF;63.80
contig_39004,GB_GCA_003278925.1,d__Bacteria;p__Cyanobacteriota;c__Cyanobacteriia;o__PCC-6307;f__Cyanobiaceae;g__Prochlorococcus_A;s__Prochlorococcus_A sp003278925,blast,96.80,iPHoP-RF;65.80
contig_39004,GB_GCA_003278955.1,d__Bacteria;p__Cyanobacteriota;c__Cyanobacteriia;o__PCC-6307;f__Cyanobiaceae;g__Prochlorococcus_A;s__Prochlorococcus_A sp003278955,blast,96.80,iPHoP-RF;60.90
contig_39004,GB_GCA_003279535.1,d__Bacteria;p__Cyanobacteriota;c__Cyanobacteriia;o__PCC-6307;f__Cyanobiaceae;g__Prochlorococcus_A;s__Prochlorococcus_A sp003279535,blast,96.80,iPHoP-RF;67.70
contig_39004,GB_GCA_003279945.1,d__Bacteria;p__Cyanobacteriota;c__Cyanobacteriia;o__PCC-6307;f__Cyanobiaceae;g__Prochlorococcus_A;s__Prochlorococcus_A sp003279945,blast,96.80,iPHoP-RF;65.30
contig_39004,GB_GCA_003280655.1,d__Bacteria;p__Cyanobacteriota;c__Cyanobacteriia;o__PCC-6307;f__Cyanobiaceae;g__Prochlorococcus_A;s__Prochlorococcus_A sp003280655,blast,96.80,iPHoP-RF;67.00
contig_39004,GB_GCA_003280725.1,d__Bacteria;p__Cyanobacteriota;c__Cyanobacteriia;o__PCC-6307;f__Cyanobiaceae;g__Prochlorococcus_A;s__Prochlorococcus_A sp003280725,blast,96.80,iPHoP-RF;64.50
contig_39004,GB_GCA_003280895.1,d__Bacteria;p__Cyanobacteriota;c__Cyanobacteriia;o__PCC-6307;f__Cyanobiaceae;g__Prochlorococcus_A;s__Prochlorococcus_A sp003280895,blast,96.80,iPHoP-RF;59.80
contig_39004,GB_GCA_003280915.1,d__Bacteria;p__Cyanobacteriota;c__Cyanobacteriia;o__PCC-6307;f__Cyanobiaceae;g__Prochlorococcus_A;s__Prochlorococcus_A sp003280915,blast,96.80,iPHoP-RF;58.70
contig_39004,GB_GCA_003280935.1,d__Bacteria;p__Cyanobacteriota;c__Cyanobacteriia;o__PCC-6307;f__Cyanobiaceae;g__Prochlorococcus_A;s__Prochlorococcus_A sp003280935,blast,96.80,iPHoP-RF;64.80
contig_39004,GB_GCA_003280965.1,d__Bacteria;p__Cyanobacteriota;c__Cyanobacteriia;o__PCC-6307;f__Cyanobiaceae;g__Prochlorococcus_A;s__Prochlorococcus_A sp003280965,blast,96.80,iPHoP-RF;64.30
contig_39004,GB_GCA_003280985.1,d__Bacteria;p__Cyanobacteriota;c__Cyanobacteriia;o__PCC-6307;f__Cyanobiaceae;g__Prochlorococcus_A;s__Prochlorococcus_A sp003280985,blast,96.80,iPHoP-RF;65.30
contig_39004,GB_GCA_003280995.1,d__Bacteria;p__Cyanobacteriota;c__Cyanobacteriia;o__PCC-6307;f__Cyanobiaceae;g__Prochlorococcus_A;s__Prochlorococcus_A sp003280995,blast,96.80,iPHoP-RF;58.40
contig_39004,GB_GCA_003281185.1,d__Bacteria;p__Cyanobacteriota;c__Cyanobacteriia;o__PCC-6307;f__Cyanobiaceae;g__Prochlorococcus_A;s__Prochlorococcus_A sp003281185,blast,96.80,iPHoP-RF;68.40
contig_39004,GB_GCA_003281365.1,d__Bacteria;p__Cyanobacteriota;c__Cyanobacteriia;o__PCC-6307;f__Cyanobiaceae;g__Prochlorococcus_A;s__Prochlorococcus_A sp003281365,blast,96.80,iPHoP-RF;52.80
contig_39004,GB_GCA_003281485.1,d__Bacteria;p__Cyanobacteriota;c__Cyanobacteriia;o__PCC-6307;f__Cyanobiaceae;g__Prochlorococcus_A;s__Prochlorococcus_A sp003281485,blast,96.80,iPHoP-RF;66.50
contig_39004,GB_GCA_003281525.1,d__Bacteria;p__Cyanobacteriota;c__Cyanobacteriia;o__PCC-6307;f__Cyanobiaceae;g__Prochlorococcus_A;s__Prochlorococcus_A sp003281525,blast,96.80,iPHoP-RF;68.00
contig_39004,GB_GCA_003281645.1,d__Bacteria;p__Cyanobacteriota;c__Cyanobacteriia;o__PCC-6307;f__Cyanobiaceae;g__Prochlorococcus_A;s__Prochlorococcus_A sp003281645,blast,96.80,iPHoP-RF;57.90
contig_39004,GB_GCA_003281685.1,d__Bacteria;p__Cyanobacteriota;c__Cyanobacteriia;o__PCC-6307;f__Cyanobiaceae;g__Prochlorococcus_A;s__Prochlorococcus_A sp003281685,blast,96.80,iPHoP-RF;68.00
contig_39004,GB_GCA_003281705.1,d__Bacteria;p__Cyanobacteriota;c__Cyanobacteriia;o__PCC-6307;f__Cyanobiaceae;g__Prochlorococcus_A;s__Prochlorococcus_A sp003281705,blast,96.80,iPHoP-RF;67.70
contig_39004,GB_GCA_017644325.1,d__Bacteria;p__Cyanobacteriota;c__Cyanobacteriia;o__PCC-6307;f__Cyanobiaceae;g__Prochlorococcus_A;s__Prochlorococcus_A marinus_AA,blast,96.80,iPHoP-RF;78.00
contig_39004,GB_GCA_017644375.1,d__Bacteria;p__Cyanobacteriota;c__Cyanobacteriia;o__PCC-6307;f__Cyanobiaceae;g__Prochlorococcus_A;s__Prochlorococcus_A marinus_AH,blast,96.80,iPHoP-RF;60.90
contig_39004,GB_GCA_028141225.1,d__Bacteria;p__Cyanobacteriota;c__Cyanobacteriia;o__PCC-6307;f__Cyanobiaceae;g__Prochlorococcus_A;s__Prochlorococcus_A sp028141225,blast,96.80,iPHoP-RF;64.80
contig_39004,GB_GCA_028408915.1,d__Bacteria;p__Cyanobacteriota;c__Cyanobacteriia;o__PCC-6307;f__Cyanobiaceae;g__Prochlorococcus_A;s__Prochlorococcus_A sp028408915,blast,96.80,iPHoP-RF;59.50
contig_39004,GB_GCA_902520485.1,d__Bacteria;p__Cyanobacteriota;c__Cyanobacteriia;o__PCC-6307;f__Cyanobiaceae;g__Prochlorococcus_A;s__Prochlorococcus_A sp902520485,blast,96.80,iPHoP-RF;60.10
contig_39004,GB_GCA_902525075.1,d__Bacteria;p__Cyanobacteriota;c__Cyanobacteriia;o__PCC-6307;f__Cyanobiaceae;g__Prochlorococcus_A;s__Prochlorococcus_A sp902525075,blast,96.80,iPHoP-RF;60.30
contig_39004,GB_GCA_902535025.1,d__Bacteria;p__Cyanobacteriota;c__Cyanobacteriia;o__PCC-6307;f__Cyanobiaceae;g__Prochlorococcus_A;s__Prochlorococcus_A sp902535025,blast,96.80,iPHoP-RF;64.30
contig_39004,GB_GCA_902536555.1,d__Bacteria;p__Cyanobacteriota;c__Cyanobacteriia;o__PCC-6307;f__Cyanobiaceae;g__Prochlorococcus_A;s__Prochlorococcus_A sp902536555,blast,96.80,iPHoP-RF;60.90
contig_39004,GB_GCA_902536775.1,d__Bacteria;p__Cyanobacteriota;c__Cyanobacteriia;o__PCC-6307;f__Cyanobiaceae;g__Prochlorococcus_A;s__Prochlorococcus_A sp902536775,blast,96.80,iPHoP-RF;60.10
contig_39004,GB_GCA_902537275.1,d__Bacteria;p__Cyanobacteriota;c__Cyanobacteriia;o__PCC-6307;f__Cyanobiaceae;g__Prochlorococcus_A;s__Prochlorococcus_A sp902537275,blast,96.80,iPHoP-RF;64.80
contig_39004,GB_GCA_902538225.1,d__Bacteria;p__Cyanobacteriota;c__Cyanobacteriia;o__PCC-6307;f__Cyanobiaceae;g__Prochlorococcus_A;s__Prochlorococcus_A sp902538225,blast,96.80,iPHoP-RF;66.00
contig_39004,GB_GCA_902538515.1,d__Bacteria;p__Cyanobacteriota;c__Cyanobacteriia;o__PCC-6307;f__Cyanobiaceae;g__Prochlorococcus_A;s__Prochlorococcus_A sp902538515,blast,96.80,iPHoP-RF;65.80
contig_39004,GB_GCA_902542595.1,d__Bacteria;p__Cyanobacteriota;c__Cyanobacteriia;o__PCC-6307;f__Cyanobiaceae;g__Prochlorococcus_A;s__Prochlorococcus_A sp902542595,blast,96.80,iPHoP-RF;63.80
contig_39004,GB_GCA_902544495.1,d__Bacteria;p__Cyanobacteriota;c__Cyanobacteriia;o__PCC-6307;f__Cyanobiaceae;g__Prochlorococcus_A;s__Prochlorococcus_A sp902544495,blast,96.80,iPHoP-RF;60.90
contig_39004,GB_GCA_902571145.1,d__Bacteria;p__Cyanobacteriota;c__Cyanobacteriia;o__PCC-6307;f__Cyanobiaceae;g__Prochlorococcus_A;s__Prochlorococcus_A sp902571145,blast,96.80,iPHoP-RF;67.50
contig_39004,GB_GCA_902572075.1,d__Bacteria;p__Cyanobacteriota;c__Cyanobacteriia;o__PCC-6307;f__Cyanobiaceae;g__Prochlorococcus_A;s__Prochlorococcus_A sp902572075,blast,96.80,iPHoP-RF;66.80
contig_39004,GB_GCA_902572675.1,d__Bacteria;p__Cyanobacteriota;c__Cyanobacteriia;o__PCC-6307;f__Cyanobiaceae;g__Prochlorococcus_A;s__Prochlorococcus_A sp902572675,blast,96.80,iPHoP-RF;69.30
contig_39004,GB_GCA_902572825.1,d__Bacteria;p__Cyanobacteriota;c__Cyanobacteriia;o__PCC-6307;f__Cyanobiaceae;g__Prochlorococcus_A;s__Prochlorococcus_A sp902572825,blast,96.80,iPHoP-RF;68.00
contig_39004,GB_GCA_902573565.1,d__Bacteria;p__Cyanobacteriota;c__Cyanobacteriia;o__PCC-6307;f__Cyanobiaceae;g__Prochlorococcus_A;s__Prochlorococcus_A sp902573565,blast,96.80,iPHoP-RF;54.10
contig_39004,GB_GCA_902576415.1,d__Bacteria;p__Cyanobacteriota;c__Cyanobacteriia;o__PCC-6307;f__Cyanobiaceae;g__Prochlorococcus_A;s__Prochlorococcus_A sp902576415,blast,96.80,iPHoP-RF;60.90
contig_39004,GB_GCA_902590355.1,d__Bacteria;p__Cyanobacteriota;c__Cyanobacteriia;o__PCC-6307;f__Cyanobiaceae;g__Prochlorococcus_A;s__Prochlorococcus_A sp902590355,blast,96.80,iPHoP-RF;67.50
contig_39004,GB_GCA_902594875.1,d__Bacteria;p__Cyanobacteriota;c__Cyanobacteriia;o__PCC-6307;f__Cyanobiaceae;g__Prochlorococcus_A;s__Prochlorococcus_A sp902594875,blast,96.80,iPHoP-RF;67.50
contig_39004,GB_GCA_902595175.1,d__Bacteria;p__Cyanobacteriota;c__Cyanobacteriia;o__PCC-6307;f__Cyanobiaceae;g__Prochlorococcus_A;s__Prochlorococcus_A sp902595175,blast,96.80,iPHoP-RF;68.20
contig_39004,GB_GCA_902596585.1,d__Bacteria;p__Cyanobacteriota;c__Cyanobacteriia;o__PCC-6307;f__Cyanobiaceae;g__Prochlorococcus_A;s__Prochlorococcus_A sp902596585,blast,96.80,iPHoP-RF;64.80
contig_39004,GB_GCA_902600475.1,d__Bacteria;p__Cyanobacteriota;c__Cyanobacteriia;o__PCC-6307;f__Cyanobiaceae;g__Prochlorococcus_A;s__Prochlorococcus_A sp902600475,blast,96.80,iPHoP-RF;64.50
contig_39004,GB_GCA_902611225.1,d__Bacteria;p__Cyanobacteriota;c__Cyanobacteriia;o__PCC-6307;f__Cyanobiaceae;g__Prochlorococcus_A;s__Prochlorococcus_A sp902611225,blast,96.80,iPHoP-RF;64.00
contig_39004,GB_GCA_902617605.1,d__Bacteria;p__Cyanobacteriota;c__Cyanobacteriia;o__PCC-6307;f__Cyanobiaceae;g__Prochlorococcus_A;s__Prochlorococcus_A sp902617605,blast,96.80,iPHoP-RF;60.30
contig_39004,GB_GCA_902618335.1,d__Bacteria;p__Cyanobacteriota;c__Cyanobacteriia;o__PCC-6307;f__Cyanobiaceae;g__Prochlorococcus_A;s__Prochlorococcus_A sp902618335,blast,96.80,iPHoP-RF;63.50
contig_39004,GB_GCA_902622705.1,d__Bacteria;p__Cyanobacteriota;c__Cyanobacteriia;o__PCC-6307;f__Cyanobiaceae;g__Prochlorococcus_A;s__Prochlorococcus_A sp902622705,blast,96.80,iPHoP-RF;65.10
contig_39004,GB_GCA_902626435.1,d__Bacteria;p__Cyanobacteriota;c__Cyanobacteriia;o__PCC-6307;f__Cyanobiaceae;g__Prochlorococcus_A;s__Prochlorococcus_A sp902626435,blast,96.80,iPHoP-RF;59.80
contig_39004,MGYG000483491,d__Bacteria;p__Cyanobacteriota;c__Cyanobacteriia;o__PCC-6307;f__Cyanobiaceae;g__Prochlorococcus_A;s__,blast,96.80,iPHoP-RF;68.20
contig_39004,RS_GCF_000012645.1,d__Bacteria;p__Cyanobacteriota;c__Cyanobacteriia;o__PCC-6307;f__Cyanobiaceae;g__Prochlorococcus_A;s__Prochlorococcus_A marinus_L,blast,96.80,iPHoP-RF;64.00
contig_39004,RS_GCF_000759855.1,d__Bacteria;p__Cyanobacteriota;c__Cyanobacteriia;o__PCC-6307;f__Cyanobiaceae;g__Prochlorococcus_A;s__Prochlorococcus_A marinus_N,blast,96.80,iPHoP-RF;61.70
contig_39004,RS_GCF_000759885.1,d__Bacteria;p__Cyanobacteriota;c__Cyanobacteriia;o__PCC-6307;f__Cyanobiaceae;g__Prochlorococcus_A;s__Prochlorococcus_A marinus_J,blast,96.80,iPHoP-RF;63.50
contig_39004,RS_GCF_001180245.1,d__Bacteria;p__Cyanobacteriota;c__Cyanobacteriia;o__PCC-6307;f__Cyanobiaceae;g__Prochlorococcus_A;s__Prochlorococcus_A marinus_F,blast,96.80,iPHoP-RF;66.00
contig_39004,RS_GCF_001180325.1,d__Bacteria;p__Cyanobacteriota;c__Cyanobacteriia;o__PCC-6307;f__Cyanobiaceae;g__Prochlorococcus_A;s__Prochlorococcus_A marinus_R,blast,96.80,iPHoP-RF;58.40
contig_39004,RS_GCF_001989455.1,d__Bacteria;p__Cyanobacteriota;c__Cyanobacteriia;o__PCC-6307;f__Cyanobiaceae;g__Prochlorococcus_A;s__Prochlorococcus_A sp001989455,blast,96.80,iPHoP-RF;60.10
contig_39004,RS_GCF_017695955.1,d__Bacteria;p__Cyanobacteriota;c__Cyanobacteriia;o__PCC-6307;f__Cyanobiaceae;g__Prochlorococcus_A;s__Prochlorococcus_A marinus_AD,blast,96.80,iPHoP-RF;64.30
contig_39004,RS_GCF_017696015.1,d__Bacteria;p__Cyanobacteriota;c__Cyanobacteriia;o__PCC-6307;f__Cyanobiaceae;g__Prochlorococcus_A;s__Prochlorococcus_A marinus_AE,blast,96.80,iPHoP-RF;62.50
contig_39004,RS_GCF_017696085.1,d__Bacteria;p__Cyanobacteriota;c__Cyanobacteriia;o__PCC-6307;f__Cyanobiaceae;g__Prochlorococcus_A;s__Prochlorococcus_A marinus_Z,blast,96.80,iPHoP-RF;65.10
contig_39004,RS_GCF_017696175.1,d__Bacteria;p__Cyanobacteriota;c__Cyanobacteriia;o__PCC-6307;f__Cyanobiaceae;g__Prochlorococcus_A;s__Prochlorococcus_A marinus_X,blast,96.80,iPHoP-RF;68.60
contig_39004,RS_GCF_017696205.1,d__Bacteria;p__Cyanobacteriota;c__Cyanobacteriia;o__PCC-6307;f__Cyanobiaceae;g__Prochlorococcus_A;s__Prochlorococcus_A marinus_AC,blast,96.80,iPHoP-RF;65.80
contig_39004,RS_GCF_017696315.1,d__Bacteria;p__Cyanobacteriota;c__Cyanobacteriia;o__PCC-6307;f__Cyanobiaceae;g__Prochlorococcus_A;s__Prochlorococcus_A marinus_AF,blast,96.80,iPHoP-RF;59.00
contig_39004,RS_GCF_034093315.1,d__Bacteria;p__Cyanobacteriota;c__Cyanobacteriia;o__PCC-6307;f__Cyanobiaceae;g__Prochlorococcus_A;s__Prochlorococcus_A marinus_Y,blast,96.80,iPHoP-RF;68.40
contig_39004,RS_GCF_902622435.1,d__Bacteria;p__Cyanobacteriota;c__Cyanobacteriia;o__PCC-6307;f__Cyanobiaceae;g__Prochlorococcus_A;s__Prochlorococcus_A sp902622435,blast,96.80,iPHoP-RF;66.30
contig_39004,RS_GCF_902626525.1,d__Bacteria;p__Cyanobacteriota;c__Cyanobacteriia;o__PCC-6307;f__Cyanobiaceae;g__Prochlorococcus_A;s__Prochlorococcus_A sp902626525,blast,96.80,iPHoP-RF;52.20
contig_39004,GB_GCA_001180305.1,d__Bacteria;p__Cyanobacteriota;c__Cyanobacteriia;o__PCC-6307;f__Cyanobiaceae;g__Prochlorococcus_A;s__Prochlorococcus_A marinus_K,blast,96.70,iPHoP-RF;61.90
contig_39004,GB_GCA_002026165.1,d__Bacteria;p__Cyanobacteriota;c__Cyanobacteriia;o__PCC-6307;f__Cyanobiaceae;g__Prochlorococcus_A;s__Prochlorococcus_A sp002026165,blast,96.70,iPHoP-RF;67.30
contig_39004,GB_GCA_003212195.1,d__Bacteria;p__Cyanobacteriota;c__Cyanobacteriia;o__PCC-6307;f__Cyanobiaceae;g__Prochlorococcus_A;s__Prochlorococcus_A sp003212195,blast,96.70,iPHoP-RF;58.40
contig_39004,GB_GCA_003278895.1,d__Bacteria;p__Cyanobacteriota;c__Cyanobacteriia;o__PCC-6307;f__Cyanobiaceae;g__Prochlorococcus_A;s__Prochlorococcus_A sp003278895,blast,96.70,iPHoP-RF;58.70
contig_39004,GB_GCA_003280515.1,d__Bacteria;p__Cyanobacteriota;c__Cyanobacteriia;o__PCC-6307;f__Cyanobiaceae;g__Prochlorococcus_A;s__Prochlorococcus_A sp003280515,blast,96.70,iPHoP-RF;59.20
contig_39004,GB_GCA_003280885.1,d__Bacteria;p__Cyanobacteriota;c__Cyanobacteriia;o__PCC-6307;f__Cyanobiaceae;g__Prochlorococcus_A;s__Prochlorococcus_A sp003280885,blast,96.70,iPHoP-RF;57.90
contig_39004,GB_GCA_003281125.1,d__Bacteria;p__Cyanobacteriota;c__Cyanobacteriia;o__PCC-6307;f__Cyanobiaceae;g__Prochlorococcus_A;s__Prochlorococcus_A sp003281125,blast,96.70,iPHoP-RF;54.10
contig_39004,GB_GCA_003281255.1,d__Bacteria;p__Cyanobacteriota;c__Cyanobacteriia;o__PCC-6307;f__Cyanobiaceae;g__Prochlorococcus_A;s__Prochlorococcus_A sp003281255,blast,96.70,iPHoP-RF;65.10
contig_39004,GB_GCA_003281385.1,d__Bacteria;p__Cyanobacteriota;c__Cyanobacteriia;o__PCC-6307;f__Cyanobiaceae;g__Prochlorococcus_A;s__Prochlorococcus_A sp003281385,blast,96.70,iPHoP-RF;59.20
contig_39004,GB_GCA_003281605.1,d__Bacteria;p__Cyanobacteriota;c__Cyanobacteriia;o__PCC-6307;f__Cyanobiaceae;g__Prochlorococcus_A;s__Prochlorococcus_A sp003281605,blast,96.70,iPHoP-RF;58.40
contig_39004,GB_GCA_003281635.1,d__Bacteria;p__Cyanobacteriota;c__Cyanobacteriia;o__PCC-6307;f__Cyanobiaceae;g__Prochlorococcus_A;s__Prochlorococcus_A sp003281635,blast,96.70,iPHoP-RF;60.10
contig_39004,GB_GCA_003281715.1,d__Bacteria;p__Cyanobacteriota;c__Cyanobacteriia;o__PCC-6307;f__Cyanobiaceae;g__Prochlorococcus_A;s__Prochlorococcus_A sp003281715,blast,96.70,iPHoP-RF;63.30
contig_39004,GB_GCA_902534675.1,d__Bacteria;p__Cyanobacteriota;c__Cyanobacteriia;o__PCC-6307;f__Cyanobiaceae;g__Prochlorococcus_A;s__Prochlorococcus_A sp902534675,blast,96.70,iPHoP-RF;50.90
contig_39004,GB_GCA_902539115.1,d__Bacteria;p__Cyanobacteriota;c__Cyanobacteriia;o__PCC-6307;f__Cyanobiaceae;g__Prochlorococcus_A;s__Prochlorococcus_A sp902539115,blast,96.70,iPHoP-RF;67.00
contig_39004,GB_GCA_902565305.1,d__Bacteria;p__Cyanobacteriota;c__Cyanobacteriia;o__PCC-6307;f__Cyanobiaceae;g__Prochlorococcus_A;s__Prochlorococcus_A sp902565305,blast,96.70,iPHoP-RF;56.00
contig_39004,GB_GCA_902578445.1,d__Bacteria;p__Cyanobacteriota;c__Cyanobacteriia;o__PCC-6307;f__Cyanobiaceae;g__Prochlorococcus_A;s__Prochlorococcus_A sp902578445,blast,96.70,iPHoP-RF;59.20
contig_39004,GB_GCA_902591865.1,d__Bacteria;p__Cyanobacteriota;c__Cyanobacteriia;o__PCC-6307;f__Cyanobiaceae;g__Prochlorococcus_A;s__Prochlorococcus_A sp902591865,blast,96.70,iPHoP-RF;58.40
contig_39004,GB_GCA_902606505.1,d__Bacteria;p__Cyanobacteriota;c__Cyanobacteriia;o__PCC-6307;f__Cyanobiaceae;g__Prochlorococcus_A;s__Prochlorococcus_A sp902606505,blast,96.70,iPHoP-RF;61.10
contig_39004,GB_GCA_902612005.1,d__Bacteria;p__Cyanobacteriota;c__Cyanobacteriia;o__PCC-6307;f__Cyanobiaceae;g__Prochlorococcus_A;s__Prochlorococcus_A sp902612005,blast,96.70,iPHoP-RF;57.90
contig_39004,GB_GCA_902616595.1,d__Bacteria;p__Cyanobacteriota;c__Cyanobacteriia;o__PCC-6307;f__Cyanobiaceae;g__Prochlorococcus_A;s__Prochlorococcus_A sp902616595,blast,96.70,iPHoP-RF;59.80
contig_39004,GB_GCA_902620895.1,d__Bacteria;p__Cyanobacteriota;c__Cyanobacteriia;o__PCC-6307;f__Cyanobiaceae;g__Prochlorococcus_A;s__Prochlorococcus_A sp902620895,blast,96.70,iPHoP-RF;60.90
contig_39004,RS_GCF_000757845.1,d__Bacteria;p__Cyanobacteriota;c__Cyanobacteriia;o__PCC-6307;f__Cyanobiaceae;g__Prochlorococcus_A;s__Prochlorococcus_A sp000757845,blast,96.70,iPHoP-RF;60.90
contig_39004,RS_GCF_000760115.1,d__Bacteria;p__Cyanobacteriota;c__Cyanobacteriia;o__PCC-6307;f__Cyanobiaceae;g__Prochlorococcus_A;s__Prochlorococcus_A marinus_D,blast,96.70,iPHoP-RF;60.10
contig_39004,RS_GCF_017696075.1,d__Bacteria;p__Cyanobacteriota;c__Cyanobacteriia;o__PCC-6307;f__Cyanobiaceae;g__Prochlorococcus_A;s__Prochlorococcus_A marinus_V,blast,96.70,iPHoP-RF;63.00
contig_39004,RS_GCF_902616385.1,d__Bacteria;p__Cyanobacteriota;c__Cyanobacteriia;o__PCC-6307;f__Cyanobiaceae;g__Prochlorococcus_A;s__Prochlorococcus_A sp902616385,blast,96.70,iPHoP-RF;59.50
contig_39004,GB_GCA_002025945.1,d__Bacteria;p__Cyanobacteriota;c__Cyanobacteriia;o__PCC-6307;f__Cyanobiaceae;g__Prochlorococcus_A;s__Prochlorococcus_A sp002025945,blast,96.60,iPHoP-RF;67.70
contig_39004,GB_GCA_003212655.1,d__Bacteria;p__Cyanobacteriota;c__Cyanobacteriia;o__PCC-6307;f__Cyanobiaceae;g__Prochlorococcus_A;s__Prochlorococcus_A sp003212655,blast,96.60,iPHoP-RF;67.00
contig_39004,GB_GCA_003216635.1,d__Bacteria;p__Cyanobacteriota;c__Cyanobacteriia;o__PCC-6307;f__Cyanobiaceae;g__Prochlorococcus_A;s__Prochlorococcus_A sp003216635,blast,96.60,iPHoP-RF;55.70
contig_39004,GB_GCA_003278545.1,d__Bacteria;p__Cyanobacteriota;c__Cyanobacteriia;o__PCC-6307;f__Cyanobiaceae;g__Prochlorococcus_A;s__Prochlorococcus_A sp003278545,blast,96.60,iPHoP-RF;56.20
contig_39004,GB_GCA_003278875.1,d__Bacteria;p__Cyanobacteriota;c__Cyanobacteriia;o__PCC-6307;f__Cyanobiaceae;g__Prochlorococcus_A;s__Prochlorococcus_A sp003278875,blast,96.60,iPHoP-RF;65.60
contig_39004,GB_GCA_003281225.1,d__Bacteria;p__Cyanobacteriota;c__Cyanobacteriia;o__PCC-6307;f__Cyanobiaceae;g__Prochlorococcus_A;s__Prochlorococcus_A sp003281225,blast,96.60,iPHoP-RF;66.00
contig_39004,GB_GCA_003281405.1,d__Bacteria;p__Cyanobacteriota;c__Cyanobacteriia;o__PCC-6307;f__Cyanobiaceae;g__Prochlorococcus_A;s__Prochlorococcus_A sp003281405,blast,96.60,iPHoP-RF;65.60
contig_39004,GB_GCA_028140765.1,d__Bacteria;p__Cyanobacteriota;c__Cyanobacteriia;o__PCC-6307;f__Cyanobiaceae;g__Prochlorococcus_A;s__Prochlorococcus_A sp028140765,blast,96.60,iPHoP-RF;60.10
contig_39004,GB_GCA_902536065.1,d__Bacteria;p__Cyanobacteriota;c__Cyanobacteriia;o__PCC-6307;f__Cyanobiaceae;g__Prochlorococcus_A;s__Prochlorococcus_A sp902536065,blast,96.60,iPHoP-RF;55.20
contig_39004,GB_GCA_902536545.1,d__Bacteria;p__Cyanobacteriota;c__Cyanobacteriia;o__PCC-6307;f__Cyanobiaceae;g__Prochlorococcus_A;s__Prochlorococcus_A sp902536545,blast,96.60,iPHoP-RF;60.10
contig_39004,RS_GCF_000018065.1,d__Bacteria;p__Cyanobacteriota;c__Cyanobacteriia;o__PCC-6307;f__Cyanobiaceae;g__Prochlorococcus_A;s__Prochlorococcus_A marinus_A,blast,96.60,iPHoP-RF;50.70
contig_39004,RS_GCF_017695975.1,d__Bacteria;p__Cyanobacteriota;c__Cyanobacteriia;o__PCC-6307;f__Cyanobiaceae;g__Prochlorococcus_A;s__Prochlorococcus_A marinus_AG,blast,96.60,iPHoP-RF;63.00
contig_39004,RS_GCF_017696055.1,d__Bacteria;p__Cyanobacteriota;c__Cyanobacteriia;o__PCC-6307;f__Cyanobiaceae;g__Prochlorococcus_A;s__Prochlorococcus_A marinus_W,blast,96.60,iPHoP-RF;56.80
contig_39004,RS_GCF_902536725.1,d__Bacteria;p__Cyanobacteriota;c__Cyanobacteriia;o__PCC-6307;f__Cyanobiaceae;g__Prochlorococcus_A;s__Prochlorococcus_A sp902536725,blast,96.60,iPHoP-RF;58.70
contig_39004,GB_GCA_003209565.1,d__Bacteria;p__Cyanobacteriota;c__Cyanobacteriia;o__PCC-6307;f__Cyanobiaceae;g__Prochlorococcus_A;s__Prochlorococcus_A sp003209565,blast,96.50,iPHoP-RF;60.60
contig_39004,GB_GCA_003279055.1,d__Bacteria;p__Cyanobacteriota;c__Cyanobacteriia;o__PCC-6307;f__Cyanobiaceae;g__Prochlorococcus_A;s__Prochlorococcus_A sp003279055,blast,96.50,iPHoP-RF;64.00
contig_39004,GB_GCA_003281165.1,d__Bacteria;p__Cyanobacteriota;c__Cyanobacteriia;o__PCC-6307;f__Cyanobiaceae;g__Prochlorococcus_A;s__Prochlorococcus_A sp003281165,blast,96.50,iPHoP-RF;67.00
contig_39004,GB_GCA_003281415.1,d__Bacteria;p__Cyanobacteriota;c__Cyanobacteriia;o__PCC-6307;f__Cyanobiaceae;g__Prochlorococcus_A;s__Prochlorococcus_A sp003281415,blast,96.50,iPHoP-RF;61.40
contig_39004,GB_GCA_003281455.1,d__Bacteria;p__Cyanobacteriota;c__Cyanobacteriia;o__PCC-6307;f__Cyanobiaceae;g__Prochlorococcus_A;s__Prochlorococcus_A sp003281455,blast,96.50,iPHoP-RF;65.80
contig_39004,GB_GCA_017644425.1,d__Bacteria;p__Cyanobacteriota;c__Cyanobacteriia;o__PCC-6307;f__Cyanobiaceae;g__Prochlorococcus_A;s__Prochlorococcus_A marinus_U,blast,96.50,iPHoP-RF;58.20
contig_39004,GB_GCA_902574955.1,d__Bacteria;p__Cyanobacteriota;c__Cyanobacteriia;o__PCC-6307;f__Cyanobiaceae;g__Prochlorococcus_A;s__Prochlorococcus_A sp902574955,blast,96.50,iPHoP-RF;56.20
contig_39004,GB_GCA_902583265.1,d__Bacteria;p__Cyanobacteriota;c__Cyanobacteriia;o__PCC-6307;f__Cyanobiaceae;g__Prochlorococcus_A;s__Prochlorococcus_A sp902583265,blast,96.50,iPHoP-RF;66.80
contig_39004,GB_GCA_902621675.1,d__Bacteria;p__Cyanobacteriota;c__Cyanobacteriia;o__PCC-6307;f__Cyanobiaceae;g__Prochlorococcus_A;s__Prochlorococcus_A sp902621675,blast,96.50,iPHoP-RF;68.40
contig_39004,RS_GCF_000015645.1,d__Bacteria;p__Cyanobacteriota;c__Cyanobacteriia;o__PCC-6307;f__Cyanobiaceae;g__Prochlorococcus_A;s__Prochlorococcus_A marinus_O,blast,96.50,iPHoP-RF;67.00
contig_39004,RS_GCF_000015965.1,d__Bacteria;p__Cyanobacteriota;c__Cyanobacteriia;o__PCC-6307;f__Cyanobiaceae;g__Prochlorococcus_A;s__Prochlorococcus_A marinus_E,blast,96.50,iPHoP-RF;67.50
contig_39004,RS_GCF_000759955.1,d__Bacteria;p__Cyanobacteriota;c__Cyanobacteriia;o__PCC-6307;f__Cyanobiaceae;g__Prochlorococcus_A;s__Prochlorococcus_A marinus_G,blast,96.50,iPHoP-RF;58.20
contig_39004,RS_GCF_017696275.1,d__Bacteria;p__Cyanobacteriota;c__Cyanobacteriia;o__PCC-6307;f__Cyanobiaceae;g__Prochlorococcus_A;s__Prochlorococcus_A marinus_AB,blast,96.50,iPHoP-RF;70.00
contig_39004,GB_GCA_001180265.1,d__Bacteria;p__Cyanobacteriota;c__Cyanobacteriia;o__PCC-6307;f__Cyanobiaceae;g__Prochlorococcus_A;s__Prochlorococcus_A marinus_H,blast,96.40,iPHoP-RF;58.70
contig_39004,GB_GCA_003209375.1,d__Bacteria;p__Cyanobacteriota;c__Cyanobacteriia;o__PCC-6307;f__Cyanobiaceae;g__Prochlorococcus_A;s__Prochlorococcus_A sp003209375,blast,96.40,iPHoP-RF;64.30
contig_39004,GB_GCA_003279105.1,d__Bacteria;p__Cyanobacteriota;c__Cyanobacteriia;o__PCC-6307;f__Cyanobiaceae;g__Prochlorococcus_A;s__Prochlorococcus_A sp003279105,blast,96.40,iPHoP-RF;67.00
contig_39004,GB_GCA_003281585.1,d__Bacteria;p__Cyanobacteriota;c__Cyanobacteriia;o__PCC-6307;f__Cyanobiaceae;g__Prochlorococcus_A;s__Prochlorococcus_A sp003281585,blast,96.40,iPHoP-RF;57.90
contig_39004,GB_GCA_902518475.1,d__Bacteria;p__Cyanobacteriota;c__Cyanobacteriia;o__PCC-6307;f__Cyanobiaceae;g__Prochlorococcus_A;s__Prochlorococcus_A sp902518475,blast,96.40,iPHoP-RF;67.30
contig_39004,GB_GCA_003280575.1,d__Bacteria;p__Cyanobacteriota;c__Cyanobacteriia;o__PCC-6307;f__Cyanobiaceae;g__Prochlorococcus_A;s__Prochlorococcus_A sp003280575,blast,96.30,iPHoP-RF;65.30
contig_39004,GB_GCA_003279015.1,d__Bacteria;p__Cyanobacteriota;c__Cyanobacteriia;o__PCC-6307;f__Cyanobiaceae;g__Prochlorococcus_A;s__Prochlorococcus_A sp003279015,blast,96.20,iPHoP-RF;66.00
contig_39004,GB_GCA_902525585.1,d__Bacteria;p__Cyanobacteriota;c__Cyanobacteriia;o__PCC-6307;f__Cyanobiaceae;g__Prochlorococcus_A;s__Prochlorococcus_A sp902525585,blast,96.20,iPHoP-RF;66.50
contig_39004,RS_GCF_000760095.1,d__Bacteria;p__Cyanobacteriota;c__Cyanobacteriia;o__PCC-6307;f__Cyanobiaceae;g__Prochlorococcus_A;s__Prochlorococcus_A marinus_I,blast,96.20,iPHoP-RF;56.80
contig_39004,GB_GCA_000635015.1,d__Bacteria;p__Cyanobacteriota;c__Cyanobacteriia;o__PCC-6307;f__Cyanobiaceae;g__Prochlorococcus_A;s__Prochlorococcus_A sp000635015,blast,96.10,iPHoP-RF;68.40
contig_39004,GB_GCA_902535185.1,d__Bacteria;p__Cyanobacteriota;c__Cyanobacteriia;o__PCC-6307;f__Cyanobiaceae;g__Prochlorococcus_A;s__Prochlorococcus_A sp902535185,blast,96.10,iPHoP-RF;64.30
contig_39004,GB_GCA_003216465.1,d__Bacteria;p__Cyanobacteriota;c__Cyanobacteriia;o__PCC-6307;f__Cyanobiaceae;g__Prochlorococcus_A;s__Prochlorococcus_A sp003216465,blast,96.00,iPHoP-RF;59.50
contig_39004,GB_GCA_003279115.1,d__Bacteria;p__Cyanobacteriota;c__Cyanobacteriia;o__PCC-6307;f__Cyanobiaceae;g__Prochlorococcus_A;s__Prochlorococcus_A sp003279115,blast,96.00,iPHoP-RF;54.10
contig_39004,GB_GCA_902521995.1,d__Bacteria;p__Cyanobacteriota;c__Cyanobacteriia;o__PCC-6307;f__Cyanobiaceae;g__Prochlorococcus_A;s__Prochlorococcus_A sp902521995,blast,96.00,iPHoP-RF;65.30
contig_39004,GB_GCA_003210135.1,d__Bacteria;p__Cyanobacteriota;c__Cyanobacteriia;o__PCC-6307;f__Cyanobiaceae;g__Prochlorococcus_A;s__Prochlorococcus_A sp003210135,blast,95.90,iPHoP-RF;51.50
contig_39004,GB_GCA_902558895.1,d__Bacteria;p__Cyanobacteriota;c__Cyanobacteriia;o__PCC-6307;f__Cyanobiaceae;g__Prochlorococcus_A;s__Prochlorococcus_A sp902558895,blast,95.80,iPHoP-RF;67.30
contig_39004,GB_GCA_002026005.1,d__Bacteria;p__Cyanobacteriota;c__Cyanobacteriia;o__PCC-6307;f__Cyanobiaceae;g__Prochlorococcus_A;s__Prochlorococcus_A sp002026005,blast,95.70,iPHoP-RF;66.80
contig_39004,GB_GCA_003281285.1,d__Bacteria;p__Cyanobacteriota;c__Cyanobacteriia;o__PCC-6307;f__Cyanobiaceae;g__Prochlorococcus_A;s__Prochlorococcus_A sp003281285,blast,95.70,iPHoP-RF;61.90
contig_39004,GB_GCA_902538695.1,d__Bacteria;p__Cyanobacteriota;c__Cyanobacteriia;o__PCC-6307;f__Cyanobiaceae;g__Prochlorococcus_A;s__Prochlorococcus_A sp902538695,blast,95.70,iPHoP-RF;65.30
contig_39004,GB_GCA_902574405.1,d__Bacteria;p__Cyanobacteriota;c__Cyanobacteriia;o__PCC-6307;f__Cyanobiaceae;g__Prochlorococcus_A;s__Prochlorococcus_A sp902574405,blast,95.70,iPHoP-RF;56.00
contig_39004,GB_GCA_902536455.1,d__Bacteria;p__Cyanobacteriota;c__Cyanobacteriia;o__PCC-6307;f__Cyanobiaceae;g__Prochlorococcus_A;s__Prochlorococcus_A sp902536455,blast,95.40,iPHoP-RF;60.60
contig_39004,GB_GCA_003214215.1,d__Bacteria;p__Cyanobacteriota;c__Cyanobacteriia;o__PCC-6307;f__Cyanobiaceae;g__Prochlorococcus_A;s__Prochlorococcus_A sp003214215,blast,95.30,iPHoP-RF;53.00
contig_39004,GB_GCA_003281335.1,d__Bacteria;p__Cyanobacteriota;c__Cyanobacteriia;o__PCC-6307;f__Cyanobiaceae;g__Prochlorococcus_A;s__Prochlorococcus_A sp003281335,blast,94.80,iPHoP-RF;61.40
contig_39004,GB_GCA_003210695.1,d__Bacteria;p__Cyanobacteriota;c__Cyanobacteriia;o__PCC-6307;f__Cyanobiaceae;g__Prochlorococcus_A;s__Prochlorococcus_A sp003210695,blast,93.60,iPHoP-RF;65.30
contig_39004,GB_GCA_003210285.1,d__Bacteria;p__Cyanobacteriota;c__Cyanobacteriia;o__PCC-6307;f__Cyanobiaceae;g__Prochlorococcus_A;s__Prochlorococcus_A sp003210285,blast,93.40,iPHoP-RF;50.70
contig_39004,GB_GCA_003210235.1,d__Bacteria;p__Cyanobacteriota;c__Cyanobacteriia;o__PCC-6307;f__Cyanobiaceae;g__Prochlorococcus_A;s__Prochlorococcus_A sp003210235,blast,93.20,None
contig_39004,GB_GCA_003280025.1,d__Bacteria;p__Cyanobacteriota;c__Cyanobacteriia;o__PCC-6307;f__Cyanobiaceae;g__Prochlorococcus_A;s__Prochlorococcus_A sp003280025,blast,93.10,None
contig_39004,GB_GCA_003211655.1,d__Bacteria;p__Cyanobacteriota;c__Cyanobacteriia;o__PCC-6307;f__Cyanobiaceae;g__Prochlorococcus_A;s__Prochlorococcus_A sp003211655,blast,92.80,None
contig_39004,GB_GCA_003216835.1,d__Bacteria;p__Cyanobacteriota;c__Cyanobacteriia;o__PCC-6307;f__Cyanobiaceae;g__Prochlorococcus_A;s__Prochlorococcus_A sp003216835,blast,92.70,iPHoP-RF;51.70
contig_39004,GB_GCA_003214935.1,d__Bacteria;p__Cyanobacteriota;c__Cyanobacteriia;o__PCC-6307;f__Cyanobiaceae;g__Prochlorococcus_A;s__Prochlorococcus_A sp003214935,blast,92.40,iPHoP-RF;55.70
contig_39004,RS_GCF_000015665.1,d__Bacteria;p__Cyanobacteriota;c__Cyanobacteriia;o__PCC-6307;f__Cyanobiaceae;g__Prochlorococcus_A;s__Prochlorococcus_A marinus_P,blast,92.40,iPHoP-RF;75.40
contig_39004,GB_GCA_902526435.1,d__Bacteria;p__Cyanobacteriota;c__Cyanobacteriia;o__PCC-6307;f__Cyanobiaceae;g__Prochlorococcus_A;s__Prochlorococcus_A sp902526435,blast,91.50,None
contig_39004,GB_GCA_003279875.1,d__Bacteria;p__Cyanobacteriota;c__Cyanobacteriia;o__PCC-6307;f__Cyanobiaceae;g__Prochlorococcus_A;s__Prochlorococcus_A sp003279875,blast,91.40,iPHoP-RF;59.50
contig_39004,GB_GCA_003279855.1,d__Bacteria;p__Cyanobacteriota;c__Cyanobacteriia;o__PCC-6307;f__Cyanobiaceae;g__Prochlorococcus_A;s__Prochlorococcus_A sp003279855,blast,91.20,iPHoP-RF;64.80
contig_39004,GB_GCA_003283415.1,d__Bacteria;p__Cyanobacteriota;c__Cyanobacteriia;o__PCC-6307;f__Cyanobiaceae;g__Prochlorococcus_A;s__Prochlorococcus_A sp003283415,blast,91.00,None
contig_39004,GB_GCA_003211115.1,d__Bacteria;p__Cyanobacteriota;c__Cyanobacteriia;o__PCC-6307;f__Cyanobiaceae;g__Prochlorococcus_A;s__Prochlorococcus_A sp003211115,blast,90.90,iPHoP-RF;64.50
contig_39004,GB_GCA_003282425.1,d__Bacteria;p__Cyanobacteriota;c__Cyanobacteriia;o__PCC-6307;f__Cyanobiaceae;g__Prochlorococcus_A;s__Prochlorococcus_A sp003282425,blast,90.70,iPHoP-RF;54.10
contig_39004,GB_GCA_003210825.1,d__Bacteria;p__Cyanobacteriota;c__Cyanobacteriia;o__PCC-6307;f__Cyanobiaceae;g__Prochlorococcus_A;s__Prochlorococcus_A sp003210825,blast,90.60,iPHoP-RF;61.10
contig_39004,GB_GCA_003212005.1,d__Bacteria;p__Cyanobacteriota;c__Cyanobacteriia;o__PCC-6307;f__Cyanobiaceae;g__Prochlorococcus_A;s__Prochlorococcus_A sp003212005,blast,90.60,iPHoP-RF;68.20
contig_39004,GB_GCA_003208875.1,d__Bacteria;p__Cyanobacteriota;c__Cyanobacteriia;o__PCC-6307;f__Cyanobiaceae;g__Prochlorococcus_A;s__Prochlorococcus_A sp003208875,blast,90.50,iPHoP-RF;66.00
contig_39237|provirus_56105_101557,GB_GCA_958295855.1,d__Bacteria;p__Poribacteria;c__WGA-4E;o__WGA-4E;f__WGA-3G;g__CATQHH01;s__CATQHH01 sp958295855,blast,93.40,iPHoP-RF;51.50
contig_39870|provirus_640_56336,GB_GCA_900543825.1,d__Bacteria;p__Bacillota;c__Bacilli;o__RF39;f__UBA660;g__CAG-302;s__CAG-302 sp900543825,iPHoP-RF,95.10,None
contig_39870|provirus_640_56336,GB_GCA_900554615.1,d__Bacteria;p__Bacillota;c__Bacilli;o__RF39;f__UBA660;g__CAG-302;s__CAG-302 sp900554615,iPHoP-RF,95.10,None
contig_39870|provirus_640_56336,GB_GCA_934098435.1,d__Bacteria;p__Bacillota;c__Bacilli;o__RF39;f__UBA660;g__CAG-302;s__CAG-302 sp934098435,iPHoP-RF,95.10,None
contig_39870|provirus_640_56336,GB_GCA_944351345.1,d__Bacteria;p__Bacillota;c__Bacilli;o__RF39;f__UBA660;g__RUG11198;s__RUG11198 sp944351345,iPHoP-RF,94.70,None
contig_39870|provirus_640_56336,GB_GCA_949285775.1,d__Bacteria;p__Bacillota;c__Bacilli;o__RF39;f__UBA660;g__RUG11198;s__RUG11198 sp949285775,iPHoP-RF,94.70,None
contig_39870|provirus_640_56336,GB_GCA_934162325.1,d__Bacteria;p__Bacillota;c__Bacilli;o__RF39;f__UBA660;g__CAG-302;s__CAG-302 sp934162325,iPHoP-RF,94.10,None
contig_39870|provirus_640_56336,GB_GCA_934131005.1,d__Bacteria;p__Bacillota;c__Bacilli;o__RF39;f__UBA660;g__RUG11198;s__RUG11198 sp934131005,iPHoP-RF,93.10,None
contig_39870|provirus_640_56336,GB_GCA_934149105.1,d__Bacteria;p__Bacillota;c__Bacilli;o__RF39;f__UBA660;g__RUG11215;s__RUG11215 sp934149105,iPHoP-RF,93.10,None
contig_39870|provirus_640_56336,GB_GCA_934182615.1,d__Bacteria;p__Bacillota;c__Bacilli;o__RF39;f__UBA660;g__CAG-302;s__CAG-302 sp934182615,iPHoP-RF,92.80,None
contig_39870|provirus_640_56336,GB_GCA_963652285.1,d__Bacteria;p__Bacillota;c__Bacilli;o__RF39;f__UBA660;g__RUG11198;s__RUG11198 sp963652285,iPHoP-RF,92.40,None
contig_39870|provirus_640_56336,GB_GCA_001916775.1,d__Bacteria;p__Bacillota;c__Bacilli;o__RF39;f__UBA660;g__CAG-302;s__CAG-302 sp001916775,iPHoP-RF,92.10,None
contig_39870|provirus_640_56336,GB_GCA_022009835.1,d__Bacteria;p__Bacillota;c__Bacilli;o__RF39;f__UBA660;g__CAG-302;s__CAG-302 sp900548425,iPHoP-RF,91.80,None
contig_39870|provirus_640_56336,GB_GCA_934132925.1,d__Bacteria;p__Bacillota;c__Bacilli;o__RF39;f__UBA660;g__CAG-302;s__CAG-302 sp934132925,iPHoP-RF,90.10,None
contig_40163,GB_GCA_009843785.1,d__Bacteria;p__Poribacteria;c__WGA-4E;o__WGA-4E;f__WGA-3G;g__WGA-3G;s__WGA-3G sp009843785,iPHoP-RF,95.40,None
contig_40163,GB_GCA_009835515.1,d__Bacteria;p__Poribacteria;c__WGA-4E;o__WGA-4E;f__WGA-3G;g__WGA-3G;s__WGA-3G sp009835515,iPHoP-RF,95.10,None
contig_40163,GB_GCA_022827185.1,d__Bacteria;p__Poribacteria;c__WGA-4E;o__WGA-4E;f__WGA-3G;g__WGA-3G;s__WGA-3G sp022827185,iPHoP-RF,95.10,None
contig_40163,GB_GCA_026706025.1,d__Bacteria;p__Poribacteria;c__WGA-4E;o__WGA-4E;f__WGA-3G;g__WGA-3G;s__WGA-3G sp026706025,iPHoP-RF,94.70,None
contig_40163,GB_GCA_951828385.1,d__Bacteria;p__Poribacteria;c__WGA-4E;o__WGA-4E;f__WGA-3G;g__WGA-3G;s__WGA-3G sp951828385,iPHoP-RF,93.70,None
contig_40163,GB_GCA_028824575.1,d__Bacteria;p__Poribacteria;c__WGA-4E;o__WGA-4E;f__WGA-3G;g__WGA-3G;s__WGA-3G sp028824575,iPHoP-RF,93.40,None
contig_40163,GB_GCA_009845545.1,d__Bacteria;p__Poribacteria;c__WGA-4E;o__WGA-4E;f__WGA-3G;g__WGA-3G;s__WGA-3G sp009845545,iPHoP-RF,93.10,None
contig_40163,GB_GCA_003635255.1,d__Bacteria;p__Poribacteria;c__WGA-4E;o__WGA-4E;f__WGA-3G;g__WGA-3G;s__WGA-3G sp003635255,iPHoP-RF,92.10,None
contig_40163,GB_GCA_022821495.1,d__Bacteria;p__Poribacteria;c__WGA-4E;o__WGA-4E;f__WGA-3G;g__WGA-3G;s__WGA-3G sp022821495,iPHoP-RF,91.40,None
contig_40163,GB_GCA_012270875.1,d__Bacteria;p__Poribacteria;c__WGA-4E;o__WGA-4E;f__WGA-3G;g__WGA-3G;s__WGA-3G sp012270875,iPHoP-RF,90.80,None
contig_40163,GB_GCA_022394775.1,d__Bacteria;p__Poribacteria;c__WGA-4E;o__WGA-4E;f__WGA-3G;g__WGA-3G;s__WGA-3G sp022394775,iPHoP-RF,90.10,None
contig_40172|provirus_29898_62650,GB_GCA_012271015.1,d__Bacteria;p__Poribacteria;c__WGA-4E;o__WGA-4E;f__WGA-3G;g__WGA-3G;s__WGA-3G sp012271015,iPHoP-RF,96.40,blast;87.90
contig_40172|provirus_29898_62650,GB_GCA_026702755.1,d__Bacteria;p__Poribacteria;c__WGA-4E;o__WGA-4E;f__WGA-3G;g__WGA-3G;s__WGA-3G sp026702755,iPHoP-RF,96.40,blast;86.90
contig_40172|provirus_29898_62650,GB_GCA_022821065.1,d__Bacteria;p__Poribacteria;c__WGA-4E;o__WGA-4E;f__WGA-3G;g__WGA-3G;s__WGA-3G sp022821065,iPHoP-RF,95.70,blast;89.70
contig_40172|provirus_29898_62650,GB_GCA_007571305.1,d__Bacteria;p__Poribacteria;c__WGA-4E;o__WGA-4E;f__WGA-3G;g__WGA-3G;s__WGA-3G sp007571305,iPHoP-RF,95.40,blast;79.70
contig_40172|provirus_29898_62650,GB_GCA_009841255.1,d__Bacteria;p__Poribacteria;c__WGA-4E;o__WGA-4E;f__WGA-3G;g__WGA-3G;s__WGA-3G sp009841255,iPHoP-RF,95.10,None
contig_40172|provirus_29898_62650,GB_GCA_951813545.1,d__Bacteria;p__Poribacteria;c__WGA-4E;o__WGA-4E;f__WGA-3G;g__WGA-3G;s__WGA-3G sp951813545,iPHoP-RF,95.10,None
contig_40172|provirus_29898_62650,GB_GCA_951828515.1,d__Bacteria;p__Poribacteria;c__WGA-4E;o__WGA-4E;f__WGA-3G;g__WGA-3G;s__WGA-3G sp951828515,iPHoP-RF,94.70,blast;80.30
contig_40172|provirus_29898_62650,GB_GCA_963664215.1,d__Bacteria;p__Poribacteria;c__WGA-4E;o__WGA-4E;f__WGA-3G;g__WGA-3G;s__WGA-3G sp963664215,iPHoP-RF,94.10,None
contig_40172|provirus_29898_62650,GB_GCA_022823085.1,d__Bacteria;p__Poribacteria;c__WGA-4E;o__WGA-4E;f__WGA-3G;g__WGA-3G;s__WGA-3G sp022823085,iPHoP-RF,93.70,blast;78.00
contig_40172|provirus_29898_62650,GB_GCA_951828385.1,d__Bacteria;p__Poribacteria;c__WGA-4E;o__WGA-4E;f__WGA-3G;g__WGA-3G;s__WGA-3G sp951828385,blast,93.50,iPHoP-RF;82.80
contig_40172|provirus_29898_62650,GB_GCA_009835515.1,d__Bacteria;p__Poribacteria;c__WGA-4E;o__WGA-4E;f__WGA-3G;g__WGA-3G;s__WGA-3G sp009835515,iPHoP-RF,93.40,None
contig_40172|provirus_29898_62650,GB_GCA_021295715.1,d__Bacteria;p__Poribacteria;c__WGA-4E;o__WGA-4E;f__WGA-3G;g__WGA-3G;s__WGA-3G sp021295715,iPHoP-RF,93.40,None
contig_40172|provirus_29898_62650,GB_GCA_028821605.1,d__Bacteria;p__Poribacteria;c__WGA-4E;o__WGA-4E;f__WGA-3G;g__WGA-3G;s__WGA-3G sp028821605,iPHoP-RF,92.80,None
contig_40172|provirus_29898_62650,GB_GCA_022821965.1,d__Bacteria;p__Poribacteria;c__WGA-4E;o__WGA-4E;f__WGA-3G;g__WGA-3G;s__WGA-3G sp022821965,iPHoP-RF,92.10,None
contig_40172|provirus_29898_62650,GB_GCA_009845545.1,d__Bacteria;p__Poribacteria;c__WGA-4E;o__WGA-4E;f__WGA-3G;g__WGA-3G;s__WGA-3G sp009845545,iPHoP-RF,91.80,None
contig_40172|provirus_29898_62650,GB_GCA_963666305.1,d__Bacteria;p__Poribacteria;c__WGA-4E;o__WGA-4E;f__WGA-3G;g__WGA-3G;s__WGA-3G sp026713385,iPHoP-RF,91.80,blast;81.30
contig_40172|provirus_29898_62650,GB_GCA_012270865.1,d__Bacteria;p__Poribacteria;c__WGA-4E;o__WGA-4E;f__WGA-3G;g__WGA-3G;s__WGA-3G sp012270865,iPHoP-RF,91.40,None
contig_40172|provirus_29898_62650,GB_GCA_009843785.1,d__Bacteria;p__Poribacteria;c__WGA-4E;o__WGA-4E;f__WGA-3G;g__WGA-3G;s__WGA-3G sp009843785,iPHoP-RF,90.50,blast;80.80
contig_40172|provirus_29898_62650,GB_GCA_000406005.1,d__Bacteria;p__Poribacteria;c__WGA-4E;o__WGA-4E;f__WGA-3G;g__WGA-3G;s__WGA-3G sp000406005,iPHoP-RF,90.10,blast;77.40
contig_40186,GB_GCA_022827055.1,d__Bacteria;p__Poribacteria;c__WGA-4E;o__WGA-4E;f__JAJDTR01;g__JAJDTR01;s__JAJDTR01 sp022827055,blast,93.60,None
contig_40186,GB_GCA_028819845.1,d__Bacteria;p__Poribacteria;c__WGA-4E;o__WGA-4E;f__PCPOR2b;g__JAPPKS01;s__JAPPKS01 sp028819845,blast,90.70,iPHoP-RF;64.80
contig_40644,GB_GCA_012519565.1,d__Bacteria;p__Bacillota;c__Clostridia;o__Lachnospirales;f__Lachnospiraceae;g__Mobilitalea;s__Mobilitalea sp012519565,iPHoP-RF,93.70,None
contig_40644,GB_GCA_023387635.1,d__Bacteria;p__Bacillota;c__Clostridia;o__Lachnospirales;f__Lachnospiraceae;g__Anaerocolumna;s__Anaerocolumna sp023387635,iPHoP-RF,93.40,None
contig_4175,GB_GCA_026706665.1,d__Bacteria;p__Pseudomonadota;c__Gammaproteobacteria;o__Pseudomonadales;f__Azotimanducaceae;g__VXNE01;s__VXNE01 sp026706665,blast,92.40,iPHoP-RF;68.40
contig_4175,GB_GCA_028821515.1,d__Bacteria;p__Pseudomonadota;c__Gammaproteobacteria;o__Pseudomonadales;f__Azotimanducaceae;g__VXNE01;s__VXNE01 sp028821515,blast,91.30,iPHoP-RF;65.10
contig_4175,GB_GCA_963663395.1,d__Bacteria;p__Pseudomonadota;c__Gammaproteobacteria;o__Pseudomonadales;f__Azotimanducaceae;g__Azophilus;s__Azophilus sp963663395,blast,90.90,iPHoP-RF;66.30
contig_4175,GB_GCA_009843635.1,d__Bacteria;p__Pseudomonadota;c__Gammaproteobacteria;o__Pseudomonadales;f__Azotimanducaceae;g__Azophilus;s__Azophilus sp009843635,blast,90.00,iPHoP-RF;57.10
contig_4280|provirus_64255_102507,GB_GCA_963666865.1,d__Bacteria;p__Chloroflexota;c__Dehalococcoidia;o__UBA3495;f__UBA3495;g__Bin87;s__Bin87 sp963666865,blast,92.70,iPHoP-RF;76.60
contig_4280|provirus_64255_102507,GB_GCA_034421995.1,d__Bacteria;p__Chloroflexota;c__Dehalococcoidia;o__UBA3495;f__UBA3495;g__Bin87;s__Bin87 sp034421995,blast,91.40,iPHoP-RF;79.00
contig_4796|provirus_802858_852294,GB_GCA_028819575.1,d__Bacteria;p__Acidobacteriota;c__Terriglobia;o__Bryobacterales;f__UBA6623;g__JAPPLB01;s__JAPPLB01 sp028819575,blast,96.50,iPHoP-RF;68.00
contig_4796|provirus_802858_852294,GB_GCA_026713545.1,d__Bacteria;p__Acidobacteriota;c__Terriglobia;o__Bryobacterales;f__UBA6623;g__JAPPLB01;s__JAPPLB01 sp026713545,blast,94.70,iPHoP-RF;68.40
contig_4880|provirus_18164_58237,GB_GCA_028819575.1,d__Bacteria;p__Acidobacteriota;c__Terriglobia;o__Bryobacterales;f__UBA6623;g__JAPPLB01;s__JAPPLB01 sp028819575,blast,90.10,None
contig_5073|provirus_4709_23596,GB_GCA_034421575.1,d__Bacteria;p__Chloroflexota;c__Dehalococcoidia;o__SAR202;f__VXLM01;g__VXLM01;s__VXLM01 sp034421575,blast,94.40,iPHoP-RF;68.00
contig_5073|provirus_4709_23596,GB_GCA_963667105.1,d__Bacteria;p__Chloroflexota;c__Dehalococcoidia;o__SAR202;f__VXLM01;g__VXLM01;s__VXLM01 sp963667105,blast,92.40,iPHoP-RF;68.20
contig_5073|provirus_4709_23596,GB_GCA_963665745.1,d__Bacteria;p__Chloroflexota;c__Dehalococcoidia;o__SAR202;f__VXLM01;g__VXLM01;s__VXLM01 sp963665745,blast,92.10,iPHoP-RF;63.50
contig_5073|provirus_4709_23596,GB_GCA_034423035.1,d__Bacteria;p__Chloroflexota;c__Dehalococcoidia;o__SAR202;f__VXLM01;g__VXLM01;s__VXLM01 sp034423035,blast,91.40,iPHoP-RF;70.00
contig_5073|provirus_4709_23596,GB_GCA_034423435.1,d__Bacteria;p__Chloroflexota;c__Dehalococcoidia;o__SAR202;f__VXLM01;g__VXLM01;s__VXLM01 sp028875495,blast,90.80,iPHoP-RF;61.90
contig_5073|provirus_4709_23596,GB_GCA_963662435.1,d__Bacteria;p__Chloroflexota;c__Dehalococcoidia;o__SAR202;f__VXLM01;g__VXLM01;s__VXLM01 sp963662435,blast,90.40,iPHoP-RF;67.00
contig_5074|provirus_509_9803,GB_GCA_963665745.1,d__Bacteria;p__Chloroflexota;c__Dehalococcoidia;o__SAR202;f__VXLM01;g__VXLM01;s__VXLM01 sp963665745,blast,93.40,iPHoP-RF;69.30
contig_5074|provirus_509_9803,GB_GCA_009841605.1,d__Bacteria;p__Chloroflexota;c__Dehalococcoidia;o__SAR202;f__VXLM01;g__VXLM01;s__VXLM01 sp009841605,blast,92.90,iPHoP-RF;65.10
contig_5074|provirus_509_9803,GB_GCA_034423435.1,d__Bacteria;p__Chloroflexota;c__Dehalococcoidia;o__SAR202;f__VXLM01;g__VXLM01;s__VXLM01 sp028875495,blast,92.90,iPHoP-RF;79.00
contig_5074|provirus_509_9803,GB_GCA_963667105.1,d__Bacteria;p__Chloroflexota;c__Dehalococcoidia;o__SAR202;f__VXLM01;g__VXLM01;s__VXLM01 sp963667105,blast,92.40,iPHoP-RF;67.00
contig_5074|provirus_509_9803,GB_GCA_963662435.1,d__Bacteria;p__Chloroflexota;c__Dehalococcoidia;o__SAR202;f__VXLM01;g__VXLM01;s__VXLM01 sp963662435,blast,92.30,iPHoP-RF;76.80
contig_5074|provirus_509_9803,GB_GCA_034421575.1,d__Bacteria;p__Chloroflexota;c__Dehalococcoidia;o__SAR202;f__VXLM01;g__VXLM01;s__VXLM01 sp034421575,blast,92.00,iPHoP-RF;73.90
contig_5074|provirus_509_9803,GB_GCA_034423035.1,d__Bacteria;p__Chloroflexota;c__Dehalococcoidia;o__SAR202;f__VXLM01;g__VXLM01;s__VXLM01 sp034423035,blast,91.80,iPHoP-RF;74.10
contig_5075|provirus_46570_53898,GB_GCA_009841605.1,d__Bacteria;p__Chloroflexota;c__Dehalococcoidia;o__SAR202;f__VXLM01;g__VXLM01;s__VXLM01 sp009841605,blast,94.00,iPHoP-RF;66.50
contig_5075|provirus_46570_53898,GB_GCA_034423435.1,d__Bacteria;p__Chloroflexota;c__Dehalococcoidia;o__SAR202;f__VXLM01;g__VXLM01;s__VXLM01 sp028875495,blast,94.00,iPHoP-RF;66.30
contig_5075|provirus_46570_53898,GB_GCA_963665745.1,d__Bacteria;p__Chloroflexota;c__Dehalococcoidia;o__SAR202;f__VXLM01;g__VXLM01;s__VXLM01 sp963665745,blast,93.90,iPHoP-RF;64.00
contig_5075|provirus_46570_53898,GB_GCA_034421575.1,d__Bacteria;p__Chloroflexota;c__Dehalococcoidia;o__SAR202;f__VXLM01;g__VXLM01;s__VXLM01 sp034421575,blast,93.50,iPHoP-RF;70.20
contig_5075|provirus_46570_53898,GB_GCA_963667105.1,d__Bacteria;p__Chloroflexota;c__Dehalococcoidia;o__SAR202;f__VXLM01;g__VXLM01;s__VXLM01 sp963667105,blast,92.10,iPHoP-RF;68.90
contig_5075|provirus_46570_53898,GB_GCA_963662435.1,d__Bacteria;p__Chloroflexota;c__Dehalococcoidia;o__SAR202;f__VXLM01;g__VXLM01;s__VXLM01 sp963662435,blast,92.00,iPHoP-RF;70.40
contig_5075|provirus_46570_53898,GB_GCA_034423035.1,d__Bacteria;p__Chloroflexota;c__Dehalococcoidia;o__SAR202;f__VXLM01;g__VXLM01;s__VXLM01 sp034423035,blast,91.70,iPHoP-RF;69.50
contig_5863,GB_GCA_009843785.1,d__Bacteria;p__Poribacteria;c__WGA-4E;o__WGA-4E;f__WGA-3G;g__WGA-3G;s__WGA-3G sp009843785,iPHoP-RF,95.70,blast;92.80
contig_5863,GB_GCA_009835515.1,d__Bacteria;p__Poribacteria;c__WGA-4E;o__WGA-4E;f__WGA-3G;g__WGA-3G;s__WGA-3G sp009835515,iPHoP-RF,92.80,None
contig_5863,GB_GCA_963668035.1,d__Bacteria;p__Poribacteria;c__WGA-4E;o__WGA-4E;f__WGA-3G;g__WGA-3G;s__WGA-3G sp963668035,blast,91.80,iPHoP-RF;90.50
contig_5863,GB_GCA_022823085.1,d__Bacteria;p__Poribacteria;c__WGA-4E;o__WGA-4E;f__WGA-3G;g__WGA-3G;s__WGA-3G sp022823085,blast,90.80,iPHoP-RF;80.30
contig_5863,GB_GCA_951813545.1,d__Bacteria;p__Poribacteria;c__WGA-4E;o__WGA-4E;f__WGA-3G;g__WGA-3G;s__WGA-3G sp951813545,blast,90.30,iPHoP-RF;78.50
contig_5863,GB_GCA_951828385.1,d__Bacteria;p__Poribacteria;c__WGA-4E;o__WGA-4E;f__WGA-3G;g__WGA-3G;s__WGA-3G sp951828385,blast,90.30,iPHoP-RF;80.60
contig_5863,GB_GCA_000406005.1,d__Bacteria;p__Poribacteria;c__WGA-4E;o__WGA-4E;f__WGA-3G;g__WGA-3G;s__WGA-3G sp000406005,blast,90.00,iPHoP-RF;74.10
contig_5957|provirus_86364_132033,GB_GCA_003635195.1,d__Bacteria;p__Poribacteria;c__WGA-4E;o__WGA-4E;f__WGA-3G;g__WGA-3G;s__WGA-3G sp003635195,blast,95.40,iPHoP-RF;89.20 CRISPR;53.20
contig_5957|provirus_86364_132033,GB_GCA_009845545.1,d__Bacteria;p__Poribacteria;c__WGA-4E;o__WGA-4E;f__WGA-3G;g__WGA-3G;s__WGA-3G sp009845545,iPHoP-RF,95.10,None
contig_5957|provirus_86364_132033,GB_GCA_028824575.1,d__Bacteria;p__Poribacteria;c__WGA-4E;o__WGA-4E;f__WGA-3G;g__WGA-3G;s__WGA-3G sp028824575,iPHoP-RF,94.40,blast;90.10
contig_5957|provirus_86364_132033,GB_GCA_009835515.1,d__Bacteria;p__Poribacteria;c__WGA-4E;o__WGA-4E;f__WGA-3G;g__WGA-3G;s__WGA-3G sp009835515,iPHoP-RF,94.10,blast;90.10
contig_5957|provirus_86364_132033,GB_GCA_963664215.1,d__Bacteria;p__Poribacteria;c__WGA-4E;o__WGA-4E;f__WGA-3G;g__WGA-3G;s__WGA-3G sp963664215,blast,93.90,iPHoP-RF;71.10
contig_5957|provirus_86364_132033,GB_GCA_009843785.1,d__Bacteria;p__Poribacteria;c__WGA-4E;o__WGA-4E;f__WGA-3G;g__WGA-3G;s__WGA-3G sp009843785,iPHoP-RF,93.70,blast;90.30
contig_5957|provirus_86364_132033,GB_GCA_026706025.1,d__Bacteria;p__Poribacteria;c__WGA-4E;o__WGA-4E;f__WGA-3G;g__WGA-3G;s__WGA-3G sp026706025,iPHoP-RF,92.40,None
contig_5957|provirus_86364_132033,GB_GCA_003635255.1,d__Bacteria;p__Poribacteria;c__WGA-4E;o__WGA-4E;f__WGA-3G;g__WGA-3G;s__WGA-3G sp003635255,iPHoP-RF,92.10,blast;87.20
contig_5957|provirus_86364_132033,GB_GCA_022827185.1,d__Bacteria;p__Poribacteria;c__WGA-4E;o__WGA-4E;f__WGA-3G;g__WGA-3G;s__WGA-3G sp022827185,iPHoP-RF,92.10,blast;87.20
contig_5957|provirus_86364_132033,GB_GCA_951828385.1,d__Bacteria;p__Poribacteria;c__WGA-4E;o__WGA-4E;f__WGA-3G;g__WGA-3G;s__WGA-3G sp951828385,iPHoP-RF,92.10,blast;92.10
contig_5957|provirus_86364_132033,GB_GCA_000406005.1,d__Bacteria;p__Poribacteria;c__WGA-4E;o__WGA-4E;f__WGA-3G;g__WGA-3G;s__WGA-3G sp000406005,blast,91.90,iPHoP-RF;73.90
contig_6205,GB_GCA_009841115.1,d__Bacteria;p__Latescibacterota;c__UBA2968;o__UBA8231;f__UBA8231;g__GCA-2724215;s__GCA-2724215 sp009841115,blast,92.00,None
contig_6205,GB_GCA_007571365.1,d__Bacteria;p__Latescibacterota;c__UBA2968;o__UBA8231;f__UBA8231;g__GCA-2724215;s__GCA-2724215 sp007571365,blast,91.20,None
contig_6205,GB_GCA_022825835.1,d__Bacteria;p__Latescibacterota;c__UBA2968;o__UBA8231;f__UBA8231;g__GCA-2724215;s__GCA-2724215 sp022825835,blast,91.00,None
contig_6205,GB_GCA_022820705.1,d__Bacteria;p__Latescibacterota;c__UBA2968;o__UBA8231;f__UBA8231;g__GCA-2724215;s__GCA-2724215 sp022820705,blast,90.80,None
contig_6205,GB_GCA_009838845.1,d__Bacteria;p__Latescibacterota;c__UBA2968;o__UBA2968;f__UBA2968;g__VXRD01;s__VXRD01 sp009838845,blast,90.30,None
contig_6205,GB_GCA_026705765.1,d__Bacteria;p__Latescibacterota;c__UBA2968;o__UBA2968;f__UBA2968;g__VXRD01;s__VXRD01 sp026705765,blast,90.30,None
contig_6205,GB_GCA_022820485.1,d__Bacteria;p__Latescibacterota;c__UBA2968;o__UBA8231;f__UBA8231;g__GCA-2724215;s__GCA-2724215 sp022820485,blast,90.20,None
contig_6205,GB_GCA_963422735.1,d__Bacteria;p__Latescibacterota;c__UBA2968;o__UBA8231;f__UBA8231;g__GCA-2724215;s__GCA-2724215 sp963422735,blast,90.00,None
contig_6424,GB_GCA_022827625.1,d__Bacteria;p__Poribacteria;c__WGA-4E;o__WGA-4E;f__WGA-3G;g__WGA-3G;s__WGA-3G sp022827625,blast,95.60,iPHoP-RF;73.50
contig_6424,GB_GCA_028820845.1,d__Bacteria;p__Poribacteria;c__WGA-4E;o__WGA-4E;f__WGA-3G;g__WGA-3G;s__WGA-3G sp009845505,blast,93.60,iPHoP-RF;66.30
contig_6424,GB_GCA_963662915.1,d__Bacteria;p__Poribacteria;c__WGA-4E;o__WGA-4E;f__WGA-3G;g__WGA-3G;s__WGA-3G sp963662915,blast,92.30,None
contig_6615,GB_GCA_900539625.1,d__Bacteria;p__Bacteroidota;c__Bacteroidia;o__Bacteroidales;f__Bacteroidaceae;g__Alloprevotella;s__Alloprevotella sp900539625,iPHoP-RF,92.10,None
contig_7405,GB_GCA_026709085.1,d__Bacteria;p__Cyanobacteriota;c__Cyanobacteriia;o__PCC-6307;f__Cyanobiaceae;g__Synechococcus_B;s__Synechococcus_B sp026709085,blast,94.50,None
contig_7490|provirus_32_22331,GB_GCA_022820945.1,d__Bacteria;p__Pseudomonadota;c__Alphaproteobacteria;o__UBA828;f__UBA828;g__WTGU01;s__WTGU01 sp022820945,blast,92.10,iPHoP-RF;50.40
contig_7490|provirus_32_22331,GB_GCA_028818855.1,d__Bacteria;p__Pseudomonadota;c__Alphaproteobacteria;o__UBA828;f__UBA828;g__WTGU01;s__WTGU01 sp028818855,blast,91.50,None
contig_7987,GB_GCA_009838595.1,d__Bacteria;p__Chloroflexota;c__Dehalococcoidia;o__SAR202;f__JADFKI01;g__Bin90;s__Bin90 sp009838595,blast,91.90,iPHoP-RF;69.50
contig_7987,GB_GCA_009840355.1,d__Bacteria;p__Chloroflexota;c__Dehalococcoidia;o__SAR202;f__JADFKI01;g__Bin90;s__Bin90 sp009840355,blast,91.80,iPHoP-RF;70.90
contig_7987,GB_GCA_002238855.1,d__Bacteria;p__Chloroflexota;c__Dehalococcoidia;o__SAR202;f__JADFKI01;g__Bin90;s__Bin90 sp002238855,blast,90.80,None
contig_7987,GB_GCA_024648655.1,d__Bacteria;p__Chloroflexota;c__Dehalococcoidia;o__SAR202;f__JADFKI01;g__Bin90;s__Bin90 sp024648655,blast,90.80,iPHoP-RF;50.90
contig_7987,GB_GCA_963665605.1,d__Bacteria;p__Chloroflexota;c__Dehalococcoidia;o__SAR202;f__JADFKI01;g__Bin90;s__Bin90 sp963665605,blast,90.80,iPHoP-RF;54.60
contig_8251|provirus_36494_93312,GB_GCA_009843785.1,d__Bacteria;p__Poribacteria;c__WGA-4E;o__WGA-4E;f__WGA-3G;g__WGA-3G;s__WGA-3G sp009843785,iPHoP-RF,96.40,blast;92.80
contig_8251|provirus_36494_93312,GB_GCA_963668035.1,d__Bacteria;p__Poribacteria;c__WGA-4E;o__WGA-4E;f__WGA-3G;g__WGA-3G;s__WGA-3G sp963668035,iPHoP-RF,96.10,blast;90.70
contig_8251|provirus_36494_93312,GB_GCA_009835515.1,d__Bacteria;p__Poribacteria;c__WGA-4E;o__WGA-4E;f__WGA-3G;g__WGA-3G;s__WGA-3G sp009835515,iPHoP-RF,95.40,None
contig_8251|provirus_36494_93312,GB_GCA_009845545.1,d__Bacteria;p__Poribacteria;c__WGA-4E;o__WGA-4E;f__WGA-3G;g__WGA-3G;s__WGA-3G sp009845545,iPHoP-RF,95.40,None
contig_8251|provirus_36494_93312,GB_GCA_951828385.1,d__Bacteria;p__Poribacteria;c__WGA-4E;o__WGA-4E;f__WGA-3G;g__WGA-3G;s__WGA-3G sp951828385,iPHoP-RF,95.40,blast;92.10
contig_8251|provirus_36494_93312,GB_GCA_003635255.1,d__Bacteria;p__Poribacteria;c__WGA-4E;o__WGA-4E;f__WGA-3G;g__WGA-3G;s__WGA-3G sp003635255,iPHoP-RF,95.10,None
contig_8251|provirus_36494_93312,GB_GCA_022394775.1,d__Bacteria;p__Poribacteria;c__WGA-4E;o__WGA-4E;f__WGA-3G;g__WGA-3G;s__WGA-3G sp022394775,iPHoP-RF,95.10,None
contig_8251|provirus_36494_93312,GB_GCA_022823085.1,d__Bacteria;p__Poribacteria;c__WGA-4E;o__WGA-4E;f__WGA-3G;g__WGA-3G;s__WGA-3G sp022823085,iPHoP-RF,95.10,None
contig_8251|provirus_36494_93312,GB_GCA_028824575.1,d__Bacteria;p__Poribacteria;c__WGA-4E;o__WGA-4E;f__WGA-3G;g__WGA-3G;s__WGA-3G sp028824575,iPHoP-RF,95.10,None
contig_8251|provirus_36494_93312,GB_GCA_963664215.1,d__Bacteria;p__Poribacteria;c__WGA-4E;o__WGA-4E;f__WGA-3G;g__WGA-3G;s__WGA-3G sp963664215,iPHoP-RF,95.10,blast;91.10
contig_8251|provirus_36494_93312,GB_GCA_022821495.1,d__Bacteria;p__Poribacteria;c__WGA-4E;o__WGA-4E;f__WGA-3G;g__WGA-3G;s__WGA-3G sp022821495,iPHoP-RF,94.70,None
contig_8251|provirus_36494_93312,GB_GCA_022821965.1,d__Bacteria;p__Poribacteria;c__WGA-4E;o__WGA-4E;f__WGA-3G;g__WGA-3G;s__WGA-3G sp022821965,iPHoP-RF,94.70,None
contig_8251|provirus_36494_93312,GB_GCA_028821605.1,d__Bacteria;p__Poribacteria;c__WGA-4E;o__WGA-4E;f__WGA-3G;g__WGA-3G;s__WGA-3G sp028821605,iPHoP-RF,94.70,None
contig_8251|provirus_36494_93312,GB_GCA_012271015.1,d__Bacteria;p__Poribacteria;c__WGA-4E;o__WGA-4E;f__WGA-3G;g__WGA-3G;s__WGA-3G sp012271015,iPHoP-RF,94.40,None
contig_8251|provirus_36494_93312,GB_GCA_026702755.1,d__Bacteria;p__Poribacteria;c__WGA-4E;o__WGA-4E;f__WGA-3G;g__WGA-3G;s__WGA-3G sp026702755,iPHoP-RF,94.40,None
contig_8251|provirus_36494_93312,GB_GCA_951813545.1,d__Bacteria;p__Poribacteria;c__WGA-4E;o__WGA-4E;f__WGA-3G;g__WGA-3G;s__WGA-3G sp951813545,iPHoP-RF,94.40,None
contig_8251|provirus_36494_93312,GB_GCA_022820835.1,d__Bacteria;p__Poribacteria;c__WGA-4E;o__WGA-4E;f__WGA-3G;g__WGA-3G;s__WGA-3G sp022820835,blast,93.60,iPHoP-RF;89.20
contig_8251|provirus_36494_93312,GB_GCA_007571355.1,d__Bacteria;p__Poribacteria;c__WGA-4E;o__WGA-4E;f__WGA-3G;g__WGA-3G;s__WGA-3G sp007571355,iPHoP-RF,93.40,None
contig_8251|provirus_36494_93312,GB_GCA_022827185.1,d__Bacteria;p__Poribacteria;c__WGA-4E;o__WGA-4E;f__WGA-3G;g__WGA-3G;s__WGA-3G sp022827185,iPHoP-RF,93.10,blast;90.80
contig_8251|provirus_36494_93312,GB_GCA_022819945.1,d__Bacteria;p__Poribacteria;c__WGA-4E;o__WGA-4E;f__WGA-3G;g__WGA-3G;s__WGA-3G sp022819945,iPHoP-RF,92.80,None
contig_8251|provirus_36494_93312,GB_GCA_951828515.1,d__Bacteria;p__Poribacteria;c__WGA-4E;o__WGA-4E;f__WGA-3G;g__WGA-3G;s__WGA-3G sp951828515,iPHoP-RF,92.40,CRISPR;56.90
contig_8251|provirus_36494_93312,GB_GCA_022827225.1,d__Bacteria;p__Poribacteria;c__WGA-4E;o__WGA-4E;f__WGA-3G;g__WGA-3G;s__WGA-3G sp022827225,blast,92.20,iPHoP-RF;86.70
contig_8251|provirus_36494_93312,GB_GCA_000406005.1,d__Bacteria;p__Poribacteria;c__WGA-4E;o__WGA-4E;f__WGA-3G;g__WGA-3G;s__WGA-3G sp000406005,iPHoP-RF,92.10,blast;91.90
contig_8251|provirus_36494_93312,GB_GCA_009841255.1,d__Bacteria;p__Poribacteria;c__WGA-4E;o__WGA-4E;f__WGA-3G;g__WGA-3G;s__WGA-3G sp009841255,iPHoP-RF,92.10,None
contig_8251|provirus_36494_93312,GB_GCA_022827625.1,d__Bacteria;p__Poribacteria;c__WGA-4E;o__WGA-4E;f__WGA-3G;g__WGA-3G;s__WGA-3G sp022827625,blast,92.10,None
contig_8251|provirus_36494_93312,GB_GCA_026706025.1,d__Bacteria;p__Poribacteria;c__WGA-4E;o__WGA-4E;f__WGA-3G;g__WGA-3G;s__WGA-3G sp026706025,iPHoP-RF,92.10,None
contig_8251|provirus_36494_93312,GB_GCA_963666305.1,d__Bacteria;p__Poribacteria;c__WGA-4E;o__WGA-4E;f__WGA-3G;g__WGA-3G;s__WGA-3G sp026713385,blast,92.10,iPHoP-RF;87.30
contig_8251|provirus_36494_93312,GB_GCA_022821065.1,d__Bacteria;p__Poribacteria;c__WGA-4E;o__WGA-4E;f__WGA-3G;g__WGA-3G;s__WGA-3G sp022821065,iPHoP-RF,91.80,None
contig_8251|provirus_36494_93312,GB_GCA_012270865.1,d__Bacteria;p__Poribacteria;c__WGA-4E;o__WGA-4E;f__WGA-3G;g__WGA-3G;s__WGA-3G sp012270865,iPHoP-RF,91.40,None
contig_8251|provirus_36494_93312,GB_GCA_028820845.1,d__Bacteria;p__Poribacteria;c__WGA-4E;o__WGA-4E;f__WGA-3G;g__WGA-3G;s__WGA-3G sp009845505,blast,91.30,None
contig_8251|provirus_36494_93312,GB_GCA_963667805.1,d__Bacteria;p__Poribacteria;c__WGA-4E;o__WGA-4E;f__WGA-3G;g__WGA-3G;s__WGA-3G sp963667805,blast,90.80,None
contig_8257,GB_GCA_009843785.1,d__Bacteria;p__Poribacteria;c__WGA-4E;o__WGA-4E;f__WGA-3G;g__WGA-3G;s__WGA-3G sp009843785,blast,91.10,iPHoP-RF;90.50
contig_8428|provirus_1799960_1821727,GB_GCA_026708165.1,d__Bacteria;p__Chloroflexota;c__UBA11872;o__UBA11872;f__VXNJ01;g__JAPOVO01;s__JAPOVO01 sp026708165,blast,93.90,None
contig_8428|provirus_1799960_1821727,GB_GCA_026707405.1,d__Bacteria;p__Chloroflexota;c__UBA11872;o__UBA11872;f__VXNJ01;g__JAPOVO01;s__JAPOVO01 sp026707405,blast,93.00,None
contig_8455|provirus_21383_34043,GB_GCA_012270865.1,d__Bacteria;p__Poribacteria;c__WGA-4E;o__WGA-4E;f__WGA-3G;g__WGA-3G;s__WGA-3G sp012270865,iPHoP-RF,91.10,None
contig_8455|provirus_21383_34043,GB_GCA_026702755.1,d__Bacteria;p__Poribacteria;c__WGA-4E;o__WGA-4E;f__WGA-3G;g__WGA-3G;s__WGA-3G sp026702755,iPHoP-RF,90.80,None
contig_8538,GB_GCA_021295755.1,d__Bacteria;p__Poribacteria;c__WGA-4E;o__WGA-4E;f__PCPOR2b;g__PCPOR2b;s__PCPOR2b sp021295755,blast,94.60,iPHoP-RF;62.70
contig_8538,GB_GCA_022822005.1,d__Bacteria;p__Poribacteria;c__WGA-4E;o__WGA-4E;f__PCPOR2b;g__PCPOR2b;s__PCPOR2b sp022822005,blast,91.80,None
contig_8538,GB_GCA_022826645.1,d__Bacteria;p__Poribacteria;c__WGA-4E;o__WGA-4E;f__PCPOR2b;g__PCPOR2b;s__PCPOR2b sp022826645,blast,91.70,iPHoP-RF;59.50
contig_8538,GB_GCA_963665285.1,d__Bacteria;p__Poribacteria;c__WGA-4E;o__WGA-4E;f__PCPOR2b;g__PCPOR2b;s__PCPOR2b sp963665285,blast,91.70,None
contig_8654,GB_GCA_963664215.1,d__Bacteria;p__Poribacteria;c__WGA-4E;o__WGA-4E;f__WGA-3G;g__WGA-3G;s__WGA-3G sp963664215,iPHoP-RF,97.10,blast;93.90
contig_8654,GB_GCA_951828515.1,d__Bacteria;p__Poribacteria;c__WGA-4E;o__WGA-4E;f__WGA-3G;g__WGA-3G;s__WGA-3G sp951828515,iPHoP-RF,92.80,blast;90.60
contig_8654,GB_GCA_963667805.1,d__Bacteria;p__Poribacteria;c__WGA-4E;o__WGA-4E;f__WGA-3G;g__WGA-3G;s__WGA-3G sp963667805,blast,91.70,iPHoP-RF;86.00
contig_8654,GB_GCA_009839745.1,d__Bacteria;p__Poribacteria;c__WGA-4E;o__WGA-4E;f__WGA-3G;g__WGA-3G;s__WGA-3G sp009839745,blast,90.90,iPHoP-RF;87.00
contig_8654,GB_GCA_009841255.1,d__Bacteria;p__Poribacteria;c__WGA-4E;o__WGA-4E;f__WGA-3G;g__WGA-3G;s__WGA-3G sp009841255,blast,90.00,iPHoP-RF;89.20
contig_8766,GB_GCA_034421195.1,d__Bacteria;p__Chloroflexota;c__Dehalococcoidia;o__SAR202;f__JADFKI01;g__Bin90;s__Bin90 sp034421195,blast,92.00,iPHoP-RF;61.10
contig_8766,GB_GCA_009840355.1,d__Bacteria;p__Chloroflexota;c__Dehalococcoidia;o__SAR202;f__JADFKI01;g__Bin90;s__Bin90 sp009840355,blast,91.70,iPHoP-RF;63.80
contig_8766,GB_GCA_958295865.1,d__Bacteria;p__Chloroflexota;c__Dehalococcoidia;o__SAR202;f__JADFKI01;g__Bin90;s__Bin90 sp958295865,blast,91.50,iPHoP-RF;70.90
contig_88|provirus_472793_499038,GB_GCA_951828385.1,d__Bacteria;p__Poribacteria;c__WGA-4E;o__WGA-4E;f__WGA-3G;g__WGA-3G;s__WGA-3G sp951828385,blast,93.60,iPHoP-RF;71.10
contig_88|provirus_472793_499038,GB_GCA_003635195.1,d__Bacteria;p__Poribacteria;c__WGA-4E;o__WGA-4E;f__WGA-3G;g__WGA-3G;s__WGA-3G sp003635195,blast,90.70,iPHoP-RF;53.30
contig_88|provirus_472793_499038,GB_GCA_026706025.1,d__Bacteria;p__Poribacteria;c__WGA-4E;o__WGA-4E;f__WGA-3G;g__WGA-3G;s__WGA-3G sp026706025,blast,90.40,iPHoP-RF;68.90
contig_88|provirus_472793_499038,GB_GCA_009845545.1,d__Bacteria;p__Poribacteria;c__WGA-4E;o__WGA-4E;f__WGA-3G;g__WGA-3G;s__WGA-3G sp009845545,blast,90.30,iPHoP-RF;73.20
contig_9291|provirus_312_10440,GB_GCA_034423595.1,d__Bacteria;p__Chloroflexota;c__Dehalococcoidia;o__UBA3495;f__UBA3495;g__Bin87;s__Bin87 sp034423595,blast,93.30,None
contig_9291|provirus_312_10440,GB_GCA_034420475.1,d__Bacteria;p__Chloroflexota;c__Dehalococcoidia;o__UBA3495;f__UBA3495;g__Bin87;s__Bin87 sp034420475,blast,92.80,iPHoP-RF;74.80
contig_9291|provirus_312_10440,GB_GCA_022827095.1,d__Bacteria;p__Chloroflexota;c__Dehalococcoidia;o__UBA3495;f__UBA3495;g__Bin87;s__Bin87 sp022827095,blast,92.40,iPHoP-RF;74.10
contig_9291|provirus_312_10440,GB_GCA_009840165.1,d__Bacteria;p__Chloroflexota;c__Dehalococcoidia;o__UBA3495;f__UBA3495;g__Bin87;s__Bin87 sp009840165,blast,92.20,None
contig_9291|provirus_312_10440,GB_GCA_028873965.1,d__Bacteria;p__Chloroflexota;c__Dehalococcoidia;o__UBA3495;f__UBA3495;g__Bin87;s__Bin87 sp028873965,blast,92.20,iPHoP-RF;66.80
contig_9291|provirus_312_10440,GB_GCA_951813535.1,d__Bacteria;p__Chloroflexota;c__Dehalococcoidia;o__UBA3495;f__UBA3495;g__Bin87;s__Bin87 sp951813535,blast,92.00,iPHoP-RF;53.80
contig_9291|provirus_312_10440,GB_GCA_034423115.1,d__Bacteria;p__Chloroflexota;c__Dehalococcoidia;o__UBA3495;f__UBA3495;g__Bin87;s__Bin87 sp034423115,blast,91.80,None
contig_9291|provirus_312_10440,GB_GCA_034428455.1,d__Bacteria;p__Chloroflexota;c__Dehalococcoidia;o__UBA3495;f__UBA3495;g__Bin87;s__Bin87 sp034428455,blast,91.70,iPHoP-RF;56.20
contig_9291|provirus_312_10440,GB_GCA_026710825.1,d__Bacteria;p__Chloroflexota;c__Dehalococcoidia;o__UBA3495;f__UBA3495;g__Bin87;s__Bin87 sp026710825,blast,91.50,None
contig_9291|provirus_312_10440,GB_GCA_022825745.1,d__Bacteria;p__Chloroflexota;c__Dehalococcoidia;o__UBA3495;f__UBA3495;g__Bin87;s__Bin87 sp022825745,blast,91.40,None
contig_9291|provirus_312_10440,GB_GCA_034423575.1,d__Bacteria;p__Chloroflexota;c__Dehalococcoidia;o__UBA3495;f__UBA3495;g__Bin87;s__Bin87 sp034423575,blast,91.20,None
contig_9291|provirus_312_10440,GB_GCA_002238825.1,d__Bacteria;p__Chloroflexota;c__Dehalococcoidia;o__UBA3495;f__UBA3495;g__Bin87;s__Bin87 sp002238825,blast,91.00,None
contig_9291|provirus_312_10440,GB_GCA_021295965.1,d__Bacteria;p__Chloroflexota;c__Dehalococcoidia;o__UBA3495;f__UBA3495;g__Bin87;s__Bin87 sp021295965,blast,91.00,None
contig_9291|provirus_312_10440,GB_GCA_963692995.1,d__Bacteria;p__Chloroflexota;c__Dehalococcoidia;o__UBA3495;f__UBA3495;g__Bin87;s__Bin87 sp963692995,blast,91.00,iPHoP-RF;56.50
contig_9291|provirus_312_10440,GB_GCA_963666865.1,d__Bacteria;p__Chloroflexota;c__Dehalococcoidia;o__UBA3495;f__UBA3495;g__Bin87;s__Bin87 sp963666865,blast,90.90,iPHoP-RF;66.50
contig_9291|provirus_312_10440,GB_GCA_028875655.1,d__Bacteria;p__Chloroflexota;c__Dehalococcoidia;o__UBA3495;f__UBA3495;g__Bin87;s__Bin87 sp028875655,blast,90.60,None
contig_9740,GB_GCA_034423035.1,d__Bacteria;p__Chloroflexota;c__Dehalococcoidia;o__SAR202;f__VXLM01;g__VXLM01;s__VXLM01 sp034423035,blast,91.90,iPHoP-RF;68.90
contig_9740,GB_GCA_034421575.1,d__Bacteria;p__Chloroflexota;c__Dehalococcoidia;o__SAR202;f__VXLM01;g__VXLM01;s__VXLM01 sp034421575,blast,91.70,iPHoP-RF;70.40
contig_9740,GB_GCA_963662435.1,d__Bacteria;p__Chloroflexota;c__Dehalococcoidia;o__SAR202;f__VXLM01;g__VXLM01;s__VXLM01 sp963662435,blast,90.60,iPHoP-RF;62.50
contig_9740,GB_GCA_963665745.1,d__Bacteria;p__Chloroflexota;c__Dehalococcoidia;o__SAR202;f__VXLM01;g__VXLM01;s__VXLM01 sp963665745,blast,90.10,iPHoP-RF;68.90
contig_9742|provirus_16098_35198,GB_GCA_034421575.1,d__Bacteria;p__Chloroflexota;c__Dehalococcoidia;o__SAR202;f__VXLM01;g__VXLM01;s__VXLM01 sp034421575,blast,95.70,None
contig_9742|provirus_16098_35198,GB_GCA_963665745.1,d__Bacteria;p__Chloroflexota;c__Dehalococcoidia;o__SAR202;f__VXLM01;g__VXLM01;s__VXLM01 sp963665745,blast,95.10,iPHoP-RF;51.50
contig_9742|provirus_16098_35198,GB_GCA_034423035.1,d__Bacteria;p__Chloroflexota;c__Dehalococcoidia;o__SAR202;f__VXLM01;g__VXLM01;s__VXLM01 sp034423035,blast,94.90,iPHoP-RF;61.10
contig_9742|provirus_16098_35198,GB_GCA_963667105.1,d__Bacteria;p__Chloroflexota;c__Dehalococcoidia;o__SAR202;f__VXLM01;g__VXLM01;s__VXLM01 sp963667105,blast,94.00,None
contig_9742|provirus_16098_35198,GB_GCA_009841605.1,d__Bacteria;p__Chloroflexota;c__Dehalococcoidia;o__SAR202;f__VXLM01;g__VXLM01;s__VXLM01 sp009841605,blast,93.10,None
contig_9742|provirus_16098_35198,GB_GCA_034423435.1,d__Bacteria;p__Chloroflexota;c__Dehalococcoidia;o__SAR202;f__VXLM01;g__VXLM01;s__VXLM01 sp028875495,blast,93.10,None
contig_9742|provirus_16098_35198,GB_GCA_963662435.1,d__Bacteria;p__Chloroflexota;c__Dehalococcoidia;o__SAR202;f__VXLM01;g__VXLM01;s__VXLM01 sp963662435,blast,90.50,None
